priority,file,shape,description,prompt
"1","tile_fence_v.png","square","fence running up and down the screen, seen from the 3/4 top-down view: one wooden post at the bottom center with the rails running straight up from it toward the top edge, so stacked pieces form a continuous vertical fence line (not a side-on fence)","16-bit SNES-era pixel art, cozy farm game, matching the existing sprites (dark plum #2B1B3D outlines, bright cheerful colors, crisp pixels, no anti-aliasing, no text): a short vertical section of rustic wooden fence, matching the wooden fence sprite. Single sprite centered on a solid magenta #FF00FF background, square framing."
"3","crop_radish_f0.png","square","Radish, tiny sprout","16-bit SNES-era pixel art, cozy farm game, matching the existing sprites (dark plum #2B1B3D outlines, bright cheerful colors, crisp pixels, no anti-aliasing, no text): a radish plant at growth stage 1 of 4 (a tiny sprout with two leaves), on the same small diamond-shaped soil patch. Single sprite centered on a solid magenta #FF00FF background, square framing."
"3","crop_radish_f1.png","square","Radish, young plant","16-bit SNES-era pixel art, cozy farm game, matching the existing sprites (dark plum #2B1B3D outlines, bright cheerful colors, crisp pixels, no anti-aliasing, no text): a radish plant at growth stage 2 of 4 (a young leafy plant), on the same small diamond-shaped soil patch. Single sprite centered on a solid magenta #FF00FF background, square framing."
"3","crop_radish_f2.png","square","Radish, budding, almost ready","16-bit SNES-era pixel art, cozy farm game, matching the existing sprites (dark plum #2B1B3D outlines, bright cheerful colors, crisp pixels, no anti-aliasing, no text): a radish plant at growth stage 3 of 4 (a bigger plant with buds, nearly ready), on the same small diamond-shaped soil patch. Single sprite centered on a solid magenta #FF00FF background, square framing."
"3","crop_peas_f0.png","square","Snap Peas, tiny sprout","16-bit SNES-era pixel art, cozy farm game, matching the existing sprites (dark plum #2B1B3D outlines, bright cheerful colors, crisp pixels, no anti-aliasing, no text): a snap peas plant at growth stage 1 of 4 (a tiny sprout with two leaves), on the same small diamond-shaped soil patch. Single sprite centered on a solid magenta #FF00FF background, square framing."
"3","crop_peas_f1.png","square","Snap Peas, young plant","16-bit SNES-era pixel art, cozy farm game, matching the existing sprites (dark plum #2B1B3D outlines, bright cheerful colors, crisp pixels, no anti-aliasing, no text): a snap peas plant at growth stage 2 of 4 (a young leafy plant), on the same small diamond-shaped soil patch. Single sprite centered on a solid magenta #FF00FF background, square framing."
"3","crop_peas_f2.png","square","Snap Peas, budding, almost ready","16-bit SNES-era pixel art, cozy farm game, matching the existing sprites (dark plum #2B1B3D outlines, bright cheerful colors, crisp pixels, no anti-aliasing, no text): a snap peas plant at growth stage 3 of 4 (a bigger plant with buds, nearly ready), on the same small diamond-shaped soil patch. Single sprite centered on a solid magenta #FF00FF background, square framing."
"3","crop_lettuce_f0.png","square","Butter Lettuce, tiny sprout","16-bit SNES-era pixel art, cozy farm game, matching the existing sprites (dark plum #2B1B3D outlines, bright cheerful colors, crisp pixels, no anti-aliasing, no text): a butter lettuce plant at growth stage 1 of 4 (a tiny sprout with two leaves), on the same small diamond-shaped soil patch. Single sprite centered on a solid magenta #FF00FF background, square framing."
"3","crop_lettuce_f1.png","square","Butter Lettuce, young plant","16-bit SNES-era pixel art, cozy farm game, matching the existing sprites (dark plum #2B1B3D outlines, bright cheerful colors, crisp pixels, no anti-aliasing, no text): a butter lettuce plant at growth stage 2 of 4 (a young leafy plant), on the same small diamond-shaped soil patch. Single sprite centered on a solid magenta #FF00FF background, square framing."
"3","crop_lettuce_f2.png","square","Butter Lettuce, budding, almost ready","16-bit SNES-era pixel art, cozy farm game, matching the existing sprites (dark plum #2B1B3D outlines, bright cheerful colors, crisp pixels, no anti-aliasing, no text): a butter lettuce plant at growth stage 3 of 4 (a bigger plant with buds, nearly ready), on the same small diamond-shaped soil patch. Single sprite centered on a solid magenta #FF00FF background, square framing."
"3","crop_rhubarb_f0.png","square","Rhubarb, tiny sprout","16-bit SNES-era pixel art, cozy farm game, matching the existing sprites (dark plum #2B1B3D outlines, bright cheerful colors, crisp pixels, no anti-aliasing, no text): a rhubarb plant at growth stage 1 of 4 (a tiny sprout with two leaves), on the same small diamond-shaped soil patch. Single sprite centered on a solid magenta #FF00FF background, square framing."
"3","crop_rhubarb_f1.png","square","Rhubarb, young plant","16-bit SNES-era pixel art, cozy farm game, matching the existing sprites (dark plum #2B1B3D outlines, bright cheerful colors, crisp pixels, no anti-aliasing, no text): a rhubarb plant at growth stage 2 of 4 (a young leafy plant), on the same small diamond-shaped soil patch. Single sprite centered on a solid magenta #FF00FF background, square framing."
"3","crop_rhubarb_f2.png","square","Rhubarb, budding, almost ready","16-bit SNES-era pixel art, cozy farm game, matching the existing sprites (dark plum #2B1B3D outlines, bright cheerful colors, crisp pixels, no anti-aliasing, no text): a rhubarb plant at growth stage 3 of 4 (a bigger plant with buds, nearly ready), on the same small diamond-shaped soil patch. Single sprite centered on a solid magenta #FF00FF background, square framing."
"3","crop_strawberry_f0.png","square","Strawberry, tiny sprout","16-bit SNES-era pixel art, cozy farm game, matching the existing sprites (dark plum #2B1B3D outlines, bright cheerful colors, crisp pixels, no anti-aliasing, no text): a strawberry plant at growth stage 1 of 4 (a tiny sprout with two leaves), on the same small diamond-shaped soil patch. Single sprite centered on a solid magenta #FF00FF background, square framing."
"3","crop_strawberry_f1.png","square","Strawberry, young plant","16-bit SNES-era pixel art, cozy farm game, matching the existing sprites (dark plum #2B1B3D outlines, bright cheerful colors, crisp pixels, no anti-aliasing, no text): a strawberry plant at growth stage 2 of 4 (a young leafy plant), on the same small diamond-shaped soil patch. Single sprite centered on a solid magenta #FF00FF background, square framing."
"3","crop_strawberry_f2.png","square","Strawberry, budding, almost ready","16-bit SNES-era pixel art, cozy farm game, matching the existing sprites (dark plum #2B1B3D outlines, bright cheerful colors, crisp pixels, no anti-aliasing, no text): a strawberry plant at growth stage 3 of 4 (a bigger plant with buds, nearly ready), on the same small diamond-shaped soil patch. Single sprite centered on a solid magenta #FF00FF background, square framing."
"3","crop_asparagus_f0.png","square","Asparagus, tiny sprout","16-bit SNES-era pixel art, cozy farm game, matching the existing sprites (dark plum #2B1B3D outlines, bright cheerful colors, crisp pixels, no anti-aliasing, no text): a asparagus plant at growth stage 1 of 4 (a tiny sprout with two leaves), on the same small diamond-shaped soil patch. Single sprite centered on a solid magenta #FF00FF background, square framing."
"3","crop_asparagus_f1.png","square","Asparagus, young plant","16-bit SNES-era pixel art, cozy farm game, matching the existing sprites (dark plum #2B1B3D outlines, bright cheerful colors, crisp pixels, no anti-aliasing, no text): a asparagus plant at growth stage 2 of 4 (a young leafy plant), on the same small diamond-shaped soil patch. Single sprite centered on a solid magenta #FF00FF background, square framing."
"3","crop_asparagus_f2.png","square","Asparagus, budding, almost ready","16-bit SNES-era pixel art, cozy farm game, matching the existing sprites (dark plum #2B1B3D outlines, bright cheerful colors, crisp pixels, no anti-aliasing, no text): a asparagus plant at growth stage 3 of 4 (a bigger plant with buds, nearly ready), on the same small diamond-shaped soil patch. Single sprite centered on a solid magenta #FF00FF background, square framing."
"3","crop_tulip_f0.png","square","Tulip, tiny sprout","16-bit SNES-era pixel art, cozy farm game, matching the existing sprites (dark plum #2B1B3D outlines, bright cheerful colors, crisp pixels, no anti-aliasing, no text): a tulip plant at growth stage 1 of 4 (a tiny sprout with two leaves), on the same small diamond-shaped soil patch. Single sprite centered on a solid magenta #FF00FF background, square framing."
"3","crop_tulip_f1.png","square","Tulip, young plant","16-bit SNES-era pixel art, cozy farm game, matching the existing sprites (dark plum #2B1B3D outlines, bright cheerful colors, crisp pixels, no anti-aliasing, no text): a tulip plant at growth stage 2 of 4 (a young leafy plant), on the same small diamond-shaped soil patch. Single sprite centered on a solid magenta #FF00FF background, square framing."
"3","crop_tulip_f2.png","square","Tulip, budding, almost ready","16-bit SNES-era pixel art, cozy farm game, matching the existing sprites (dark plum #2B1B3D outlines, bright cheerful colors, crisp pixels, no anti-aliasing, no text): a tulip plant at growth stage 3 of 4 (a bigger plant with buds, nearly ready), on the same small diamond-shaped soil patch. Single sprite centered on a solid magenta #FF00FF background, square framing."
"3","crop_green_beans_f0.png","square","Green Beans, tiny sprout","16-bit SNES-era pixel art, cozy farm game, matching the existing sprites (dark plum #2B1B3D outlines, bright cheerful colors, crisp pixels, no anti-aliasing, no text): a green beans plant at growth stage 1 of 4 (a tiny sprout with two leaves), on the same small diamond-shaped soil patch. Single sprite centered on a solid magenta #FF00FF background, square framing."
"3","crop_green_beans_f1.png","square","Green Beans, young plant","16-bit SNES-era pixel art, cozy farm game, matching the existing sprites (dark plum #2B1B3D outlines, bright cheerful colors, crisp pixels, no anti-aliasing, no text): a green beans plant at growth stage 2 of 4 (a young leafy plant), on the same small diamond-shaped soil patch. Single sprite centered on a solid magenta #FF00FF background, square framing."
"3","crop_green_beans_f2.png","square","Green Beans, budding, almost ready","16-bit SNES-era pixel art, cozy farm game, matching the existing sprites (dark plum #2B1B3D outlines, bright cheerful colors, crisp pixels, no anti-aliasing, no text): a green beans plant at growth stage 3 of 4 (a bigger plant with buds, nearly ready), on the same small diamond-shaped soil patch. Single sprite centered on a solid magenta #FF00FF background, square framing."
"3","crop_zucchini_f0.png","square","Zucchini, tiny sprout","16-bit SNES-era pixel art, cozy farm game, matching the existing sprites (dark plum #2B1B3D outlines, bright cheerful colors, crisp pixels, no anti-aliasing, no text): a zucchini plant at growth stage 1 of 4 (a tiny sprout with two leaves), on the same small diamond-shaped soil patch. Single sprite centered on a solid magenta #FF00FF background, square framing."
"3","crop_zucchini_f1.png","square","Zucchini, young plant","16-bit SNES-era pixel art, cozy farm game, matching the existing sprites (dark plum #2B1B3D outlines, bright cheerful colors, crisp pixels, no anti-aliasing, no text): a zucchini plant at growth stage 2 of 4 (a young leafy plant), on the same small diamond-shaped soil patch. Single sprite centered on a solid magenta #FF00FF background, square framing."
"3","crop_zucchini_f2.png","square","Zucchini, budding, almost ready","16-bit SNES-era pixel art, cozy farm game, matching the existing sprites (dark plum #2B1B3D outlines, bright cheerful colors, crisp pixels, no anti-aliasing, no text): a zucchini plant at growth stage 3 of 4 (a bigger plant with buds, nearly ready), on the same small diamond-shaped soil patch. Single sprite centered on a solid magenta #FF00FF background, square framing."
"3","crop_tomato_f0.png","square","Tomato, tiny sprout","16-bit SNES-era pixel art, cozy farm game, matching the existing sprites (dark plum #2B1B3D outlines, bright cheerful colors, crisp pixels, no anti-aliasing, no text): a tomato plant at growth stage 1 of 4 (a tiny sprout with two leaves), on the same small diamond-shaped soil patch. Single sprite centered on a solid magenta #FF00FF background, square framing."
"3","crop_tomato_f1.png","square","Tomato, young plant","16-bit SNES-era pixel art, cozy farm game, matching the existing sprites (dark plum #2B1B3D outlines, bright cheerful colors, crisp pixels, no anti-aliasing, no text): a tomato plant at growth stage 2 of 4 (a young leafy plant), on the same small diamond-shaped soil patch. Single sprite centered on a solid magenta #FF00FF background, square framing."
"3","crop_tomato_f2.png","square","Tomato, budding, almost ready","16-bit SNES-era pixel art, cozy farm game, matching the existing sprites (dark plum #2B1B3D outlines, bright cheerful colors, crisp pixels, no anti-aliasing, no text): a tomato plant at growth stage 3 of 4 (a bigger plant with buds, nearly ready), on the same small diamond-shaped soil patch. Single sprite centered on a solid magenta #FF00FF background, square framing."
"3","crop_sweet_corn_f0.png","square","Sweet Corn, tiny sprout","16-bit SNES-era pixel art, cozy farm game, matching the existing sprites (dark plum #2B1B3D outlines, bright cheerful colors, crisp pixels, no anti-aliasing, no text): a sweet corn plant at growth stage 1 of 4 (a tiny sprout with two leaves), on the same small diamond-shaped soil patch. Single sprite centered on a solid magenta #FF00FF background, square framing."
"3","crop_sweet_corn_f1.png","square","Sweet Corn, young plant","16-bit SNES-era pixel art, cozy farm game, matching the existing sprites (dark plum #2B1B3D outlines, bright cheerful colors, crisp pixels, no anti-aliasing, no text): a sweet corn plant at growth stage 2 of 4 (a young leafy plant), on the same small diamond-shaped soil patch. Single sprite centered on a solid magenta #FF00FF background, square framing."
"3","crop_sweet_corn_f2.png","square","Sweet Corn, budding, almost ready","16-bit SNES-era pixel art, cozy farm game, matching the existing sprites (dark plum #2B1B3D outlines, bright cheerful colors, crisp pixels, no anti-aliasing, no text): a sweet corn plant at growth stage 3 of 4 (a bigger plant with buds, nearly ready), on the same small diamond-shaped soil patch. Single sprite centered on a solid magenta #FF00FF background, square framing."
"3","crop_blueberry_f0.png","square","Blueberry, tiny sprout","16-bit SNES-era pixel art, cozy farm game, matching the existing sprites (dark plum #2B1B3D outlines, bright cheerful colors, crisp pixels, no anti-aliasing, no text): a blueberry plant at growth stage 1 of 4 (a tiny sprout with two leaves), on the same small diamond-shaped soil patch. Single sprite centered on a solid magenta #FF00FF background, square framing."
"3","crop_blueberry_f1.png","square","Blueberry, young plant","16-bit SNES-era pixel art, cozy farm game, matching the existing sprites (dark plum #2B1B3D outlines, bright cheerful colors, crisp pixels, no anti-aliasing, no text): a blueberry plant at growth stage 2 of 4 (a young leafy plant), on the same small diamond-shaped soil patch. Single sprite centered on a solid magenta #FF00FF background, square framing."
"3","crop_blueberry_f2.png","square","Blueberry, budding, almost ready","16-bit SNES-era pixel art, cozy farm game, matching the existing sprites (dark plum #2B1B3D outlines, bright cheerful colors, crisp pixels, no anti-aliasing, no text): a blueberry plant at growth stage 3 of 4 (a bigger plant with buds, nearly ready), on the same small diamond-shaped soil patch. Single sprite centered on a solid magenta #FF00FF background, square framing."
"3","crop_raspberry_f0.png","square","Raspberry, tiny sprout","16-bit SNES-era pixel art, cozy farm game, matching the existing sprites (dark plum #2B1B3D outlines, bright cheerful colors, crisp pixels, no anti-aliasing, no text): a raspberry plant at growth stage 1 of 4 (a tiny sprout with two leaves), on the same small diamond-shaped soil patch. Single sprite centered on a solid magenta #FF00FF background, square framing."
"3","crop_raspberry_f1.png","square","Raspberry, young plant","16-bit SNES-era pixel art, cozy farm game, matching the existing sprites (dark plum #2B1B3D outlines, bright cheerful colors, crisp pixels, no anti-aliasing, no text): a raspberry plant at growth stage 2 of 4 (a young leafy plant), on the same small diamond-shaped soil patch. Single sprite centered on a solid magenta #FF00FF background, square framing."
"3","crop_raspberry_f2.png","square","Raspberry, budding, almost ready","16-bit SNES-era pixel art, cozy farm game, matching the existing sprites (dark plum #2B1B3D outlines, bright cheerful colors, crisp pixels, no anti-aliasing, no text): a raspberry plant at growth stage 3 of 4 (a bigger plant with buds, nearly ready), on the same small diamond-shaped soil patch. Single sprite centered on a solid magenta #FF00FF background, square framing."
"3","crop_loganberry_f0.png","square","Loganberry, tiny sprout","16-bit SNES-era pixel art, cozy farm game, matching the existing sprites (dark plum #2B1B3D outlines, bright cheerful colors, crisp pixels, no anti-aliasing, no text): a loganberry plant at growth stage 1 of 4 (a tiny sprout with two leaves), on the same small diamond-shaped soil patch. Single sprite centered on a solid magenta #FF00FF background, square framing."
"3","crop_loganberry_f1.png","square","Loganberry, young plant","16-bit SNES-era pixel art, cozy farm game, matching the existing sprites (dark plum #2B1B3D outlines, bright cheerful colors, crisp pixels, no anti-aliasing, no text): a loganberry plant at growth stage 2 of 4 (a young leafy plant), on the same small diamond-shaped soil patch. Single sprite centered on a solid magenta #FF00FF background, square framing."
"3","crop_loganberry_f2.png","square","Loganberry, budding, almost ready","16-bit SNES-era pixel art, cozy farm game, matching the existing sprites (dark plum #2B1B3D outlines, bright cheerful colors, crisp pixels, no anti-aliasing, no text): a loganberry plant at growth stage 3 of 4 (a bigger plant with buds, nearly ready), on the same small diamond-shaped soil patch. Single sprite centered on a solid magenta #FF00FF background, square framing."
"3","crop_sunflower_f0.png","square","Sunflower, tiny sprout","16-bit SNES-era pixel art, cozy farm game, matching the existing sprites (dark plum #2B1B3D outlines, bright cheerful colors, crisp pixels, no anti-aliasing, no text): a sunflower plant at growth stage 1 of 4 (a tiny sprout with two leaves), on the same small diamond-shaped soil patch. Single sprite centered on a solid magenta #FF00FF background, square framing."
"3","crop_sunflower_f1.png","square","Sunflower, young plant","16-bit SNES-era pixel art, cozy farm game, matching the existing sprites (dark plum #2B1B3D outlines, bright cheerful colors, crisp pixels, no anti-aliasing, no text): a sunflower plant at growth stage 2 of 4 (a young leafy plant), on the same small diamond-shaped soil patch. Single sprite centered on a solid magenta #FF00FF background, square framing."
"3","crop_sunflower_f2.png","square","Sunflower, budding, almost ready","16-bit SNES-era pixel art, cozy farm game, matching the existing sprites (dark plum #2B1B3D outlines, bright cheerful colors, crisp pixels, no anti-aliasing, no text): a sunflower plant at growth stage 3 of 4 (a bigger plant with buds, nearly ready), on the same small diamond-shaped soil patch. Single sprite centered on a solid magenta #FF00FF background, square framing."
"3","crop_lavender_f0.png","square","Lavender, tiny sprout","16-bit SNES-era pixel art, cozy farm game, matching the existing sprites (dark plum #2B1B3D outlines, bright cheerful colors, crisp pixels, no anti-aliasing, no text): a lavender plant at growth stage 1 of 4 (a tiny sprout with two leaves), on the same small diamond-shaped soil patch. Single sprite centered on a solid magenta #FF00FF background, square framing."
"3","crop_lavender_f1.png","square","Lavender, young plant","16-bit SNES-era pixel art, cozy farm game, matching the existing sprites (dark plum #2B1B3D outlines, bright cheerful colors, crisp pixels, no anti-aliasing, no text): a lavender plant at growth stage 2 of 4 (a young leafy plant), on the same small diamond-shaped soil patch. Single sprite centered on a solid magenta #FF00FF background, square framing."
"3","crop_lavender_f2.png","square","Lavender, budding, almost ready","16-bit SNES-era pixel art, cozy farm game, matching the existing sprites (dark plum #2B1B3D outlines, bright cheerful colors, crisp pixels, no anti-aliasing, no text): a lavender plant at growth stage 3 of 4 (a bigger plant with buds, nearly ready), on the same small diamond-shaped soil patch. Single sprite centered on a solid magenta #FF00FF background, square framing."
"3","crop_pumpkin_f0.png","square","Pumpkin, tiny sprout","16-bit SNES-era pixel art, cozy farm game, matching the existing sprites (dark plum #2B1B3D outlines, bright cheerful colors, crisp pixels, no anti-aliasing, no text): a pumpkin plant at growth stage 1 of 4 (a tiny sprout with two leaves), on the same small diamond-shaped soil patch. Single sprite centered on a solid magenta #FF00FF background, square framing."
"3","crop_pumpkin_f1.png","square","Pumpkin, young plant","16-bit SNES-era pixel art, cozy farm game, matching the existing sprites (dark plum #2B1B3D outlines, bright cheerful colors, crisp pixels, no anti-aliasing, no text): a pumpkin plant at growth stage 2 of 4 (a young leafy plant), on the same small diamond-shaped soil patch. Single sprite centered on a solid magenta #FF00FF background, square framing."
"3","crop_pumpkin_f2.png","square","Pumpkin, budding, almost ready","16-bit SNES-era pixel art, cozy farm game, matching the existing sprites (dark plum #2B1B3D outlines, bright cheerful colors, crisp pixels, no anti-aliasing, no text): a pumpkin plant at growth stage 3 of 4 (a bigger plant with buds, nearly ready), on the same small diamond-shaped soil patch. Single sprite centered on a solid magenta #FF00FF background, square framing."
"3","crop_apple_f0.png","square","Apple, tiny sprout","16-bit SNES-era pixel art, cozy farm game, matching the existing sprites (dark plum #2B1B3D outlines, bright cheerful colors, crisp pixels, no anti-aliasing, no text): a apple plant at growth stage 1 of 4 (a tiny sprout with two leaves), on the same small diamond-shaped soil patch. Single sprite centered on a solid magenta #FF00FF background, square framing."
"3","crop_apple_f1.png","square","Apple, young plant","16-bit SNES-era pixel art, cozy farm game, matching the existing sprites (dark plum #2B1B3D outlines, bright cheerful colors, crisp pixels, no anti-aliasing, no text): a apple plant at growth stage 2 of 4 (a young leafy plant), on the same small diamond-shaped soil patch. Single sprite centered on a solid magenta #FF00FF background, square framing."
"3","crop_apple_f2.png","square","Apple, budding, almost ready","16-bit SNES-era pixel art, cozy farm game, matching the existing sprites (dark plum #2B1B3D outlines, bright cheerful colors, crisp pixels, no anti-aliasing, no text): a apple plant at growth stage 3 of 4 (a bigger plant with buds, nearly ready), on the same small diamond-shaped soil patch. Single sprite centered on a solid magenta #FF00FF background, square framing."
"3","crop_pear_f0.png","square","Pear, tiny sprout","16-bit SNES-era pixel art, cozy farm game, matching the existing sprites (dark plum #2B1B3D outlines, bright cheerful colors, crisp pixels, no anti-aliasing, no text): a pear plant at growth stage 1 of 4 (a tiny sprout with two leaves), on the same small diamond-shaped soil patch. Single sprite centered on a solid magenta #FF00FF background, square framing."
"3","crop_pear_f1.png","square","Pear, young plant","16-bit SNES-era pixel art, cozy farm game, matching the existing sprites (dark plum #2B1B3D outlines, bright cheerful colors, crisp pixels, no anti-aliasing, no text): a pear plant at growth stage 2 of 4 (a young leafy plant), on the same small diamond-shaped soil patch. Single sprite centered on a solid magenta #FF00FF background, square framing."
"3","crop_pear_f2.png","square","Pear, budding, almost ready","16-bit SNES-era pixel art, cozy farm game, matching the existing sprites (dark plum #2B1B3D outlines, bright cheerful colors, crisp pixels, no anti-aliasing, no text): a pear plant at growth stage 3 of 4 (a bigger plant with buds, nearly ready), on the same small diamond-shaped soil patch. Single sprite centered on a solid magenta #FF00FF background, square framing."
"3","crop_plum_f0.png","square","Plum, tiny sprout","16-bit SNES-era pixel art, cozy farm game, matching the existing sprites (dark plum #2B1B3D outlines, bright cheerful colors, crisp pixels, no anti-aliasing, no text): a plum plant at growth stage 1 of 4 (a tiny sprout with two leaves), on the same small diamond-shaped soil patch. Single sprite centered on a solid magenta #FF00FF background, square framing."
"3","crop_plum_f1.png","square","Plum, young plant","16-bit SNES-era pixel art, cozy farm game, matching the existing sprites (dark plum #2B1B3D outlines, bright cheerful colors, crisp pixels, no anti-aliasing, no text): a plum plant at growth stage 2 of 4 (a young leafy plant), on the same small diamond-shaped soil patch. Single sprite centered on a solid magenta #FF00FF background, square framing."
"3","crop_plum_f2.png","square","Plum, budding, almost ready","16-bit SNES-era pixel art, cozy farm game, matching the existing sprites (dark plum #2B1B3D outlines, bright cheerful colors, crisp pixels, no anti-aliasing, no text): a plum plant at growth stage 3 of 4 (a bigger plant with buds, nearly ready), on the same small diamond-shaped soil patch. Single sprite centered on a solid magenta #FF00FF background, square framing."
"3","crop_potato_f0.png","square","Potato, tiny sprout","16-bit SNES-era pixel art, cozy farm game, matching the existing sprites (dark plum #2B1B3D outlines, bright cheerful colors, crisp pixels, no anti-aliasing, no text): a potato plant at growth stage 1 of 4 (a tiny sprout with two leaves), on the same small diamond-shaped soil patch. Single sprite centered on a solid magenta #FF00FF background, square framing."
"3","crop_potato_f1.png","square","Potato, young plant","16-bit SNES-era pixel art, cozy farm game, matching the existing sprites (dark plum #2B1B3D outlines, bright cheerful colors, crisp pixels, no anti-aliasing, no text): a potato plant at growth stage 2 of 4 (a young leafy plant), on the same small diamond-shaped soil patch. Single sprite centered on a solid magenta #FF00FF background, square framing."
"3","crop_potato_f2.png","square","Potato, budding, almost ready","16-bit SNES-era pixel art, cozy farm game, matching the existing sprites (dark plum #2B1B3D outlines, bright cheerful colors, crisp pixels, no anti-aliasing, no text): a potato plant at growth stage 3 of 4 (a bigger plant with buds, nearly ready), on the same small diamond-shaped soil patch. Single sprite centered on a solid magenta #FF00FF background, square framing."
"3","crop_kale_f0.png","square","Kale, tiny sprout","16-bit SNES-era pixel art, cozy farm game, matching the existing sprites (dark plum #2B1B3D outlines, bright cheerful colors, crisp pixels, no anti-aliasing, no text): a kale plant at growth stage 1 of 4 (a tiny sprout with two leaves), on the same small diamond-shaped soil patch. Single sprite centered on a solid magenta #FF00FF background, square framing."
"3","crop_kale_f1.png","square","Kale, young plant","16-bit SNES-era pixel art, cozy farm game, matching the existing sprites (dark plum #2B1B3D outlines, bright cheerful colors, crisp pixels, no anti-aliasing, no text): a kale plant at growth stage 2 of 4 (a young leafy plant), on the same small diamond-shaped soil patch. Single sprite centered on a solid magenta #FF00FF background, square framing."
"3","crop_kale_f2.png","square","Kale, budding, almost ready","16-bit SNES-era pixel art, cozy farm game, matching the existing sprites (dark plum #2B1B3D outlines, bright cheerful colors, crisp pixels, no anti-aliasing, no text): a kale plant at growth stage 3 of 4 (a bigger plant with buds, nearly ready), on the same small diamond-shaped soil patch. Single sprite centered on a solid magenta #FF00FF background, square framing."
"3","crop_brussels_sprouts_f0.png","square","Brussels Sprouts, tiny sprout","16-bit SNES-era pixel art, cozy farm game, matching the existing sprites (dark plum #2B1B3D outlines, bright cheerful colors, crisp pixels, no anti-aliasing, no text): a brussels sprouts plant at growth stage 1 of 4 (a tiny sprout with two leaves), on the same small diamond-shaped soil patch. Single sprite centered on a solid magenta #FF00FF background, square framing."
"3","crop_brussels_sprouts_f1.png","square","Brussels Sprouts, young plant","16-bit SNES-era pixel art, cozy farm game, matching the existing sprites (dark plum #2B1B3D outlines, bright cheerful colors, crisp pixels, no anti-aliasing, no text): a brussels sprouts plant at growth stage 2 of 4 (a young leafy plant), on the same small diamond-shaped soil patch. Single sprite centered on a solid magenta #FF00FF background, square framing."
"3","crop_brussels_sprouts_f2.png","square","Brussels Sprouts, budding, almost ready","16-bit SNES-era pixel art, cozy farm game, matching the existing sprites (dark plum #2B1B3D outlines, bright cheerful colors, crisp pixels, no anti-aliasing, no text): a brussels sprouts plant at growth stage 3 of 4 (a bigger plant with buds, nearly ready), on the same small diamond-shaped soil patch. Single sprite centered on a solid magenta #FF00FF background, square framing."
"3","crop_blackberry_f0.png","square","Blackberry, tiny sprout","16-bit SNES-era pixel art, cozy farm game, matching the existing sprites (dark plum #2B1B3D outlines, bright cheerful colors, crisp pixels, no anti-aliasing, no text): a blackberry plant at growth stage 1 of 4 (a tiny sprout with two leaves), on the same small diamond-shaped soil patch. Single sprite centered on a solid magenta #FF00FF background, square framing."
"3","crop_blackberry_f1.png","square","Blackberry, young plant","16-bit SNES-era pixel art, cozy farm game, matching the existing sprites (dark plum #2B1B3D outlines, bright cheerful colors, crisp pixels, no anti-aliasing, no text): a blackberry plant at growth stage 2 of 4 (a young leafy plant), on the same small diamond-shaped soil patch. Single sprite centered on a solid magenta #FF00FF background, square framing."
"3","crop_blackberry_f2.png","square","Blackberry, budding, almost ready","16-bit SNES-era pixel art, cozy farm game, matching the existing sprites (dark plum #2B1B3D outlines, bright cheerful colors, crisp pixels, no anti-aliasing, no text): a blackberry plant at growth stage 3 of 4 (a bigger plant with buds, nearly ready), on the same small diamond-shaped soil patch. Single sprite centered on a solid magenta #FF00FF background, square framing."
"3","crop_indian_corn_f0.png","square","Indian Corn, tiny sprout","16-bit SNES-era pixel art, cozy farm game, matching the existing sprites (dark plum #2B1B3D outlines, bright cheerful colors, crisp pixels, no anti-aliasing, no text): a indian corn plant at growth stage 1 of 4 (a tiny sprout with two leaves), on the same small diamond-shaped soil patch. Single sprite centered on a solid magenta #FF00FF background, square framing."
"3","crop_indian_corn_f1.png","square","Indian Corn, young plant","16-bit SNES-era pixel art, cozy farm game, matching the existing sprites (dark plum #2B1B3D outlines, bright cheerful colors, crisp pixels, no anti-aliasing, no text): a indian corn plant at growth stage 2 of 4 (a young leafy plant), on the same small diamond-shaped soil patch. Single sprite centered on a solid magenta #FF00FF background, square framing."
"3","crop_indian_corn_f2.png","square","Indian Corn, budding, almost ready","16-bit SNES-era pixel art, cozy farm game, matching the existing sprites (dark plum #2B1B3D outlines, bright cheerful colors, crisp pixels, no anti-aliasing, no text): a indian corn plant at growth stage 3 of 4 (a bigger plant with buds, nearly ready), on the same small diamond-shaped soil patch. Single sprite centered on a solid magenta #FF00FF background, square framing."
"3","crop_winter_squash_f0.png","square","Winter Squash, tiny sprout","16-bit SNES-era pixel art, cozy farm game, matching the existing sprites (dark plum #2B1B3D outlines, bright cheerful colors, crisp pixels, no anti-aliasing, no text): a winter squash plant at growth stage 1 of 4 (a tiny sprout with two leaves), on the same small diamond-shaped soil patch. Single sprite centered on a solid magenta #FF00FF background, square framing."
"3","crop_winter_squash_f1.png","square","Winter Squash, young plant","16-bit SNES-era pixel art, cozy farm game, matching the existing sprites (dark plum #2B1B3D outlines, bright cheerful colors, crisp pixels, no anti-aliasing, no text): a winter squash plant at growth stage 2 of 4 (a young leafy plant), on the same small diamond-shaped soil patch. Single sprite centered on a solid magenta #FF00FF background, square framing."
"3","crop_winter_squash_f2.png","square","Winter Squash, budding, almost ready","16-bit SNES-era pixel art, cozy farm game, matching the existing sprites (dark plum #2B1B3D outlines, bright cheerful colors, crisp pixels, no anti-aliasing, no text): a winter squash plant at growth stage 3 of 4 (a bigger plant with buds, nearly ready), on the same small diamond-shaped soil patch. Single sprite centered on a solid magenta #FF00FF background, square framing."
"3","crop_cabbage_f0.png","square","Cabbage, tiny sprout","16-bit SNES-era pixel art, cozy farm game, matching the existing sprites (dark plum #2B1B3D outlines, bright cheerful colors, crisp pixels, no anti-aliasing, no text): a cabbage plant at growth stage 1 of 4 (a tiny sprout with two leaves), on the same small diamond-shaped soil patch. Single sprite centered on a solid magenta #FF00FF background, square framing."
"3","crop_cabbage_f1.png","square","Cabbage, young plant","16-bit SNES-era pixel art, cozy farm game, matching the existing sprites (dark plum #2B1B3D outlines, bright cheerful colors, crisp pixels, no anti-aliasing, no text): a cabbage plant at growth stage 2 of 4 (a young leafy plant), on the same small diamond-shaped soil patch. Single sprite centered on a solid magenta #FF00FF background, square framing."
"3","crop_cabbage_f2.png","square","Cabbage, budding, almost ready","16-bit SNES-era pixel art, cozy farm game, matching the existing sprites (dark plum #2B1B3D outlines, bright cheerful colors, crisp pixels, no anti-aliasing, no text): a cabbage plant at growth stage 3 of 4 (a bigger plant with buds, nearly ready), on the same small diamond-shaped soil patch. Single sprite centered on a solid magenta #FF00FF background, square framing."
"3","crop_leek_f0.png","square","Leek, tiny sprout","16-bit SNES-era pixel art, cozy farm game, matching the existing sprites (dark plum #2B1B3D outlines, bright cheerful colors, crisp pixels, no anti-aliasing, no text): a leek plant at growth stage 1 of 4 (a tiny sprout with two leaves), on the same small diamond-shaped soil patch. Single sprite centered on a solid magenta #FF00FF background, square framing."
"3","crop_leek_f1.png","square","Leek, young plant","16-bit SNES-era pixel art, cozy farm game, matching the existing sprites (dark plum #2B1B3D outlines, bright cheerful colors, crisp pixels, no anti-aliasing, no text): a leek plant at growth stage 2 of 4 (a young leafy plant), on the same small diamond-shaped soil patch. Single sprite centered on a solid magenta #FF00FF background, square framing."
"3","crop_leek_f2.png","square","Leek, budding, almost ready","16-bit SNES-era pixel art, cozy farm game, matching the existing sprites (dark plum #2B1B3D outlines, bright cheerful colors, crisp pixels, no anti-aliasing, no text): a leek plant at growth stage 3 of 4 (a bigger plant with buds, nearly ready), on the same small diamond-shaped soil patch. Single sprite centered on a solid magenta #FF00FF background, square framing."
"3","crop_garlic_f0.png","square","Garlic, tiny sprout","16-bit SNES-era pixel art, cozy farm game, matching the existing sprites (dark plum #2B1B3D outlines, bright cheerful colors, crisp pixels, no anti-aliasing, no text): a garlic plant at growth stage 1 of 4 (a tiny sprout with two leaves), on the same small diamond-shaped soil patch. Single sprite centered on a solid magenta #FF00FF background, square framing."
"3","crop_garlic_f1.png","square","Garlic, young plant","16-bit SNES-era pixel art, cozy farm game, matching the existing sprites (dark plum #2B1B3D outlines, bright cheerful colors, crisp pixels, no anti-aliasing, no text): a garlic plant at growth stage 2 of 4 (a young leafy plant), on the same small diamond-shaped soil patch. Single sprite centered on a solid magenta #FF00FF background, square framing."
"3","crop_garlic_f2.png","square","Garlic, budding, almost ready","16-bit SNES-era pixel art, cozy farm game, matching the existing sprites (dark plum #2B1B3D outlines, bright cheerful colors, crisp pixels, no anti-aliasing, no text): a garlic plant at growth stage 3 of 4 (a bigger plant with buds, nearly ready), on the same small diamond-shaped soil patch. Single sprite centered on a solid magenta #FF00FF background, square framing."
"3","crop_hardy_kale_f0.png","square","Hardy Kale, tiny sprout","16-bit SNES-era pixel art, cozy farm game, matching the existing sprites (dark plum #2B1B3D outlines, bright cheerful colors, crisp pixels, no anti-aliasing, no text): a hardy kale plant at growth stage 1 of 4 (a tiny sprout with two leaves), on the same small diamond-shaped soil patch. Single sprite centered on a solid magenta #FF00FF background, square framing."
"3","crop_hardy_kale_f1.png","square","Hardy Kale, young plant","16-bit SNES-era pixel art, cozy farm game, matching the existing sprites (dark plum #2B1B3D outlines, bright cheerful colors, crisp pixels, no anti-aliasing, no text): a hardy kale plant at growth stage 2 of 4 (a young leafy plant), on the same small diamond-shaped soil patch. Single sprite centered on a solid magenta #FF00FF background, square framing."
"3","crop_hardy_kale_f2.png","square","Hardy Kale, budding, almost ready","16-bit SNES-era pixel art, cozy farm game, matching the existing sprites (dark plum #2B1B3D outlines, bright cheerful colors, crisp pixels, no anti-aliasing, no text): a hardy kale plant at growth stage 3 of 4 (a bigger plant with buds, nearly ready), on the same small diamond-shaped soil patch. Single sprite centered on a solid magenta #FF00FF background, square framing."
"3","crop_holly_f0.png","square","Holly, tiny sprout","16-bit SNES-era pixel art, cozy farm game, matching the existing sprites (dark plum #2B1B3D outlines, bright cheerful colors, crisp pixels, no anti-aliasing, no text): a holly plant at growth stage 1 of 4 (a tiny sprout with two leaves), on the same small diamond-shaped soil patch. Single sprite centered on a solid magenta #FF00FF background, square framing."
"3","crop_holly_f1.png","square","Holly, young plant","16-bit SNES-era pixel art, cozy farm game, matching the existing sprites (dark plum #2B1B3D outlines, bright cheerful colors, crisp pixels, no anti-aliasing, no text): a holly plant at growth stage 2 of 4 (a young leafy plant), on the same small diamond-shaped soil patch. Single sprite centered on a solid magenta #FF00FF background, square framing."
"3","crop_holly_f2.png","square","Holly, budding, almost ready","16-bit SNES-era pixel art, cozy farm game, matching the existing sprites (dark plum #2B1B3D outlines, bright cheerful colors, crisp pixels, no anti-aliasing, no text): a holly plant at growth stage 3 of 4 (a bigger plant with buds, nearly ready), on the same small diamond-shaped soil patch. Single sprite centered on a solid magenta #FF00FF background, square framing."
"3","crop_evergreen_boughs_f0.png","square","Evergreen Boughs, tiny sprout","16-bit SNES-era pixel art, cozy farm game, matching the existing sprites (dark plum #2B1B3D outlines, bright cheerful colors, crisp pixels, no anti-aliasing, no text): a evergreen boughs plant at growth stage 1 of 4 (a tiny sprout with two leaves), on the same small diamond-shaped soil patch. Single sprite centered on a solid magenta #FF00FF background, square framing."
"3","crop_evergreen_boughs_f1.png","square","Evergreen Boughs, young plant","16-bit SNES-era pixel art, cozy farm game, matching the existing sprites (dark plum #2B1B3D outlines, bright cheerful colors, crisp pixels, no anti-aliasing, no text): a evergreen boughs plant at growth stage 2 of 4 (a young leafy plant), on the same small diamond-shaped soil patch. Single sprite centered on a solid magenta #FF00FF background, square framing."
"3","crop_evergreen_boughs_f2.png","square","Evergreen Boughs, budding, almost ready","16-bit SNES-era pixel art, cozy farm game, matching the existing sprites (dark plum #2B1B3D outlines, bright cheerful colors, crisp pixels, no anti-aliasing, no text): a evergreen boughs plant at growth stage 3 of 4 (a bigger plant with buds, nearly ready), on the same small diamond-shaped soil patch. Single sprite centered on a solid magenta #FF00FF background, square framing."
"3","crop_greenhouse_herbs_f0.png","square","Greenhouse Herbs, tiny sprout","16-bit SNES-era pixel art, cozy farm game, matching the existing sprites (dark plum #2B1B3D outlines, bright cheerful colors, crisp pixels, no anti-aliasing, no text): a greenhouse herbs plant at growth stage 1 of 4 (a tiny sprout with two leaves), on the same small diamond-shaped soil patch. Single sprite centered on a solid magenta #FF00FF background, square framing."
"3","crop_greenhouse_herbs_f1.png","square","Greenhouse Herbs, young plant","16-bit SNES-era pixel art, cozy farm game, matching the existing sprites (dark plum #2B1B3D outlines, bright cheerful colors, crisp pixels, no anti-aliasing, no text): a greenhouse herbs plant at growth stage 2 of 4 (a young leafy plant), on the same small diamond-shaped soil patch. Single sprite centered on a solid magenta #FF00FF background, square framing."
"3","crop_greenhouse_herbs_f2.png","square","Greenhouse Herbs, budding, almost ready","16-bit SNES-era pixel art, cozy farm game, matching the existing sprites (dark plum #2B1B3D outlines, bright cheerful colors, crisp pixels, no anti-aliasing, no text): a greenhouse herbs plant at growth stage 3 of 4 (a bigger plant with buds, nearly ready), on the same small diamond-shaped soil patch. Single sprite centered on a solid magenta #FF00FF background, square framing."
"3","crop_watercress_f0.png","square","Watercress, tiny sprout","16-bit SNES-era pixel art, cozy farm game, matching the existing sprites (dark plum #2B1B3D outlines, bright cheerful colors, crisp pixels, no anti-aliasing, no text): a watercress plant at growth stage 1 of 4 (a tiny sprout with two leaves), on the same small diamond-shaped soil patch. Single sprite centered on a solid magenta #FF00FF background, square framing."
"3","crop_watercress_f1.png","square","Watercress, young plant","16-bit SNES-era pixel art, cozy farm game, matching the existing sprites (dark plum #2B1B3D outlines, bright cheerful colors, crisp pixels, no anti-aliasing, no text): a watercress plant at growth stage 2 of 4 (a young leafy plant), on the same small diamond-shaped soil patch. Single sprite centered on a solid magenta #FF00FF background, square framing."
"3","crop_watercress_f2.png","square","Watercress, budding, almost ready","16-bit SNES-era pixel art, cozy farm game, matching the existing sprites (dark plum #2B1B3D outlines, bright cheerful colors, crisp pixels, no anti-aliasing, no text): a watercress plant at growth stage 3 of 4 (a bigger plant with buds, nearly ready), on the same small diamond-shaped soil patch. Single sprite centered on a solid magenta #FF00FF background, square framing."
"3","crop_cranberry_f0.png","square","Cranberry, tiny sprout","16-bit SNES-era pixel art, cozy farm game, matching the existing sprites (dark plum #2B1B3D outlines, bright cheerful colors, crisp pixels, no anti-aliasing, no text): a cranberry plant at growth stage 1 of 4 (a tiny sprout with two leaves), on the same small diamond-shaped soil patch. Single sprite centered on a solid magenta #FF00FF background, square framing."
"3","crop_cranberry_f1.png","square","Cranberry, young plant","16-bit SNES-era pixel art, cozy farm game, matching the existing sprites (dark plum #2B1B3D outlines, bright cheerful colors, crisp pixels, no anti-aliasing, no text): a cranberry plant at growth stage 2 of 4 (a young leafy plant), on the same small diamond-shaped soil patch. Single sprite centered on a solid magenta #FF00FF background, square framing."
"3","crop_cranberry_f2.png","square","Cranberry, budding, almost ready","16-bit SNES-era pixel art, cozy farm game, matching the existing sprites (dark plum #2B1B3D outlines, bright cheerful colors, crisp pixels, no anti-aliasing, no text): a cranberry plant at growth stage 3 of 4 (a bigger plant with buds, nearly ready), on the same small diamond-shaped soil patch. Single sprite centered on a solid magenta #FF00FF background, square framing."
"3","crop_cherry_f0.png","square","Cherry, tiny sprout","16-bit SNES-era pixel art, cozy farm game, matching the existing sprites (dark plum #2B1B3D outlines, bright cheerful colors, crisp pixels, no anti-aliasing, no text): a cherry plant at growth stage 1 of 4 (a tiny sprout with two leaves), on the same small diamond-shaped soil patch. Single sprite centered on a solid magenta #FF00FF background, square framing."
"3","crop_cherry_f1.png","square","Cherry, young plant","16-bit SNES-era pixel art, cozy farm game, matching the existing sprites (dark plum #2B1B3D outlines, bright cheerful colors, crisp pixels, no anti-aliasing, no text): a cherry plant at growth stage 2 of 4 (a young leafy plant), on the same small diamond-shaped soil patch. Single sprite centered on a solid magenta #FF00FF background, square framing."
"3","crop_cherry_f2.png","square","Cherry, budding, almost ready","16-bit SNES-era pixel art, cozy farm game, matching the existing sprites (dark plum #2B1B3D outlines, bright cheerful colors, crisp pixels, no anti-aliasing, no text): a cherry plant at growth stage 3 of 4 (a bigger plant with buds, nearly ready), on the same small diamond-shaped soil patch. Single sprite centered on a solid magenta #FF00FF background, square framing."
"3","crop_quince_f0.png","square","Quince, tiny sprout","16-bit SNES-era pixel art, cozy farm game, matching the existing sprites (dark plum #2B1B3D outlines, bright cheerful colors, crisp pixels, no anti-aliasing, no text): a quince plant at growth stage 1 of 4 (a tiny sprout with two leaves), on the same small diamond-shaped soil patch. Single sprite centered on a solid magenta #FF00FF background, square framing."
"3","crop_quince_f1.png","square","Quince, young plant","16-bit SNES-era pixel art, cozy farm game, matching the existing sprites (dark plum #2B1B3D outlines, bright cheerful colors, crisp pixels, no anti-aliasing, no text): a quince plant at growth stage 2 of 4 (a young leafy plant), on the same small diamond-shaped soil patch. Single sprite centered on a solid magenta #FF00FF background, square framing."
"3","crop_quince_f2.png","square","Quince, budding, almost ready","16-bit SNES-era pixel art, cozy farm game, matching the existing sprites (dark plum #2B1B3D outlines, bright cheerful colors, crisp pixels, no anti-aliasing, no text): a quince plant at growth stage 3 of 4 (a bigger plant with buds, nearly ready), on the same small diamond-shaped soil patch. Single sprite centered on a solid magenta #FF00FF background, square framing."
"2","item_radish.png","square","Radish","16-bit SNES-era pixel art, cozy farm game, matching the existing sprites (dark plum #2B1B3D outlines, bright cheerful colors, crisp pixels, no anti-aliasing, no text): an inventory icon of radish, one object, chunky and readable at small size. Single sprite centered on a solid magenta #FF00FF background, square framing."
"2","item_peas.png","square","Snap Peas","16-bit SNES-era pixel art, cozy farm game, matching the existing sprites (dark plum #2B1B3D outlines, bright cheerful colors, crisp pixels, no anti-aliasing, no text): an inventory icon of snap peas, one object, chunky and readable at small size. Single sprite centered on a solid magenta #FF00FF background, square framing."
"2","item_lettuce.png","square","Butter Lettuce","16-bit SNES-era pixel art, cozy farm game, matching the existing sprites (dark plum #2B1B3D outlines, bright cheerful colors, crisp pixels, no anti-aliasing, no text): an inventory icon of butter lettuce, one object, chunky and readable at small size. Single sprite centered on a solid magenta #FF00FF background, square framing."
"2","item_rhubarb.png","square","Rhubarb","16-bit SNES-era pixel art, cozy farm game, matching the existing sprites (dark plum #2B1B3D outlines, bright cheerful colors, crisp pixels, no anti-aliasing, no text): an inventory icon of rhubarb, one object, chunky and readable at small size. Single sprite centered on a solid magenta #FF00FF background, square framing."
"2","item_strawberry.png","square","Strawberry","16-bit SNES-era pixel art, cozy farm game, matching the existing sprites (dark plum #2B1B3D outlines, bright cheerful colors, crisp pixels, no anti-aliasing, no text): an inventory icon of strawberry, one object, chunky and readable at small size. Single sprite centered on a solid magenta #FF00FF background, square framing."
"2","item_asparagus.png","square","Asparagus","16-bit SNES-era pixel art, cozy farm game, matching the existing sprites (dark plum #2B1B3D outlines, bright cheerful colors, crisp pixels, no anti-aliasing, no text): an inventory icon of asparagus, one object, chunky and readable at small size. Single sprite centered on a solid magenta #FF00FF background, square framing."
"2","item_tulip.png","square","Tulip","16-bit SNES-era pixel art, cozy farm game, matching the existing sprites (dark plum #2B1B3D outlines, bright cheerful colors, crisp pixels, no anti-aliasing, no text): an inventory icon of tulip, one object, chunky and readable at small size. Single sprite centered on a solid magenta #FF00FF background, square framing."
"2","item_green_beans.png","square","Green Beans","16-bit SNES-era pixel art, cozy farm game, matching the existing sprites (dark plum #2B1B3D outlines, bright cheerful colors, crisp pixels, no anti-aliasing, no text): an inventory icon of green beans, one object, chunky and readable at small size. Single sprite centered on a solid magenta #FF00FF background, square framing."
"2","item_zucchini.png","square","Zucchini","16-bit SNES-era pixel art, cozy farm game, matching the existing sprites (dark plum #2B1B3D outlines, bright cheerful colors, crisp pixels, no anti-aliasing, no text): an inventory icon of zucchini, one object, chunky and readable at small size. Single sprite centered on a solid magenta #FF00FF background, square framing."
"2","item_tomato.png","square","Tomato","16-bit SNES-era pixel art, cozy farm game, matching the existing sprites (dark plum #2B1B3D outlines, bright cheerful colors, crisp pixels, no anti-aliasing, no text): an inventory icon of tomato, one object, chunky and readable at small size. Single sprite centered on a solid magenta #FF00FF background, square framing."
"2","item_sweet_corn.png","square","Sweet Corn","16-bit SNES-era pixel art, cozy farm game, matching the existing sprites (dark plum #2B1B3D outlines, bright cheerful colors, crisp pixels, no anti-aliasing, no text): an inventory icon of sweet corn, one object, chunky and readable at small size. Single sprite centered on a solid magenta #FF00FF background, square framing."
"2","item_blueberry.png","square","Blueberry","16-bit SNES-era pixel art, cozy farm game, matching the existing sprites (dark plum #2B1B3D outlines, bright cheerful colors, crisp pixels, no anti-aliasing, no text): an inventory icon of blueberry, one object, chunky and readable at small size. Single sprite centered on a solid magenta #FF00FF background, square framing."
"2","item_raspberry.png","square","Raspberry","16-bit SNES-era pixel art, cozy farm game, matching the existing sprites (dark plum #2B1B3D outlines, bright cheerful colors, crisp pixels, no anti-aliasing, no text): an inventory icon of raspberry, one object, chunky and readable at small size. Single sprite centered on a solid magenta #FF00FF background, square framing."
"2","item_loganberry.png","square","Loganberry","16-bit SNES-era pixel art, cozy farm game, matching the existing sprites (dark plum #2B1B3D outlines, bright cheerful colors, crisp pixels, no anti-aliasing, no text): an inventory icon of loganberry, one object, chunky and readable at small size. Single sprite centered on a solid magenta #FF00FF background, square framing."
"2","item_sunflower.png","square","Sunflower","16-bit SNES-era pixel art, cozy farm game, matching the existing sprites (dark plum #2B1B3D outlines, bright cheerful colors, crisp pixels, no anti-aliasing, no text): an inventory icon of sunflower, one object, chunky and readable at small size. Single sprite centered on a solid magenta #FF00FF background, square framing."
"2","item_lavender.png","square","Lavender","16-bit SNES-era pixel art, cozy farm game, matching the existing sprites (dark plum #2B1B3D outlines, bright cheerful colors, crisp pixels, no anti-aliasing, no text): an inventory icon of lavender, one object, chunky and readable at small size. Single sprite centered on a solid magenta #FF00FF background, square framing."
"2","item_pumpkin.png","square","Pumpkin","16-bit SNES-era pixel art, cozy farm game, matching the existing sprites (dark plum #2B1B3D outlines, bright cheerful colors, crisp pixels, no anti-aliasing, no text): an inventory icon of pumpkin, one object, chunky and readable at small size. Single sprite centered on a solid magenta #FF00FF background, square framing."
"2","item_apple.png","square","Apple","16-bit SNES-era pixel art, cozy farm game, matching the existing sprites (dark plum #2B1B3D outlines, bright cheerful colors, crisp pixels, no anti-aliasing, no text): an inventory icon of apple, one object, chunky and readable at small size. Single sprite centered on a solid magenta #FF00FF background, square framing."
"2","item_pear.png","square","Pear","16-bit SNES-era pixel art, cozy farm game, matching the existing sprites (dark plum #2B1B3D outlines, bright cheerful colors, crisp pixels, no anti-aliasing, no text): an inventory icon of pear, one object, chunky and readable at small size. Single sprite centered on a solid magenta #FF00FF background, square framing."
"2","item_plum.png","square","Plum","16-bit SNES-era pixel art, cozy farm game, matching the existing sprites (dark plum #2B1B3D outlines, bright cheerful colors, crisp pixels, no anti-aliasing, no text): an inventory icon of plum, one object, chunky and readable at small size. Single sprite centered on a solid magenta #FF00FF background, square framing."
"2","item_potato.png","square","Potato","16-bit SNES-era pixel art, cozy farm game, matching the existing sprites (dark plum #2B1B3D outlines, bright cheerful colors, crisp pixels, no anti-aliasing, no text): an inventory icon of potato, one object, chunky and readable at small size. Single sprite centered on a solid magenta #FF00FF background, square framing."
"2","item_kale.png","square","Kale","16-bit SNES-era pixel art, cozy farm game, matching the existing sprites (dark plum #2B1B3D outlines, bright cheerful colors, crisp pixels, no anti-aliasing, no text): an inventory icon of kale, one object, chunky and readable at small size. Single sprite centered on a solid magenta #FF00FF background, square framing."
"2","item_brussels_sprouts.png","square","Brussels Sprouts","16-bit SNES-era pixel art, cozy farm game, matching the existing sprites (dark plum #2B1B3D outlines, bright cheerful colors, crisp pixels, no anti-aliasing, no text): an inventory icon of brussels sprouts, one object, chunky and readable at small size. Single sprite centered on a solid magenta #FF00FF background, square framing."
"2","item_blackberry.png","square","Blackberry","16-bit SNES-era pixel art, cozy farm game, matching the existing sprites (dark plum #2B1B3D outlines, bright cheerful colors, crisp pixels, no anti-aliasing, no text): an inventory icon of blackberry, one object, chunky and readable at small size. Single sprite centered on a solid magenta #FF00FF background, square framing."
"2","item_indian_corn.png","square","Indian Corn","16-bit SNES-era pixel art, cozy farm game, matching the existing sprites (dark plum #2B1B3D outlines, bright cheerful colors, crisp pixels, no anti-aliasing, no text): an inventory icon of indian corn, one object, chunky and readable at small size. Single sprite centered on a solid magenta #FF00FF background, square framing."
"2","item_winter_squash.png","square","Winter Squash","16-bit SNES-era pixel art, cozy farm game, matching the existing sprites (dark plum #2B1B3D outlines, bright cheerful colors, crisp pixels, no anti-aliasing, no text): an inventory icon of winter squash, one object, chunky and readable at small size. Single sprite centered on a solid magenta #FF00FF background, square framing."
"2","item_cabbage.png","square","Cabbage","16-bit SNES-era pixel art, cozy farm game, matching the existing sprites (dark plum #2B1B3D outlines, bright cheerful colors, crisp pixels, no anti-aliasing, no text): an inventory icon of cabbage, one object, chunky and readable at small size. Single sprite centered on a solid magenta #FF00FF background, square framing."
"2","item_leek.png","square","Leek","16-bit SNES-era pixel art, cozy farm game, matching the existing sprites (dark plum #2B1B3D outlines, bright cheerful colors, crisp pixels, no anti-aliasing, no text): an inventory icon of leek, one object, chunky and readable at small size. Single sprite centered on a solid magenta #FF00FF background, square framing."
"2","item_garlic.png","square","Garlic","16-bit SNES-era pixel art, cozy farm game, matching the existing sprites (dark plum #2B1B3D outlines, bright cheerful colors, crisp pixels, no anti-aliasing, no text): an inventory icon of garlic, one object, chunky and readable at small size. Single sprite centered on a solid magenta #FF00FF background, square framing."
"2","item_hardy_kale.png","square","Hardy Kale","16-bit SNES-era pixel art, cozy farm game, matching the existing sprites (dark plum #2B1B3D outlines, bright cheerful colors, crisp pixels, no anti-aliasing, no text): an inventory icon of hardy kale, one object, chunky and readable at small size. Single sprite centered on a solid magenta #FF00FF background, square framing."
"2","item_holly.png","square","Holly","16-bit SNES-era pixel art, cozy farm game, matching the existing sprites (dark plum #2B1B3D outlines, bright cheerful colors, crisp pixels, no anti-aliasing, no text): an inventory icon of holly, one object, chunky and readable at small size. Single sprite centered on a solid magenta #FF00FF background, square framing."
"2","item_evergreen_boughs.png","square","Evergreen Boughs","16-bit SNES-era pixel art, cozy farm game, matching the existing sprites (dark plum #2B1B3D outlines, bright cheerful colors, crisp pixels, no anti-aliasing, no text): an inventory icon of evergreen boughs, one object, chunky and readable at small size. Single sprite centered on a solid magenta #FF00FF background, square framing."
"2","item_greenhouse_herbs.png","square","Greenhouse Herbs","16-bit SNES-era pixel art, cozy farm game, matching the existing sprites (dark plum #2B1B3D outlines, bright cheerful colors, crisp pixels, no anti-aliasing, no text): an inventory icon of greenhouse herbs, one object, chunky and readable at small size. Single sprite centered on a solid magenta #FF00FF background, square framing."
"2","item_watercress.png","square","Watercress","16-bit SNES-era pixel art, cozy farm game, matching the existing sprites (dark plum #2B1B3D outlines, bright cheerful colors, crisp pixels, no anti-aliasing, no text): an inventory icon of watercress, one object, chunky and readable at small size. Single sprite centered on a solid magenta #FF00FF background, square framing."
"2","item_cranberry.png","square","Cranberry","16-bit SNES-era pixel art, cozy farm game, matching the existing sprites (dark plum #2B1B3D outlines, bright cheerful colors, crisp pixels, no anti-aliasing, no text): an inventory icon of cranberry, one object, chunky and readable at small size. Single sprite centered on a solid magenta #FF00FF background, square framing."
"2","item_cherry.png","square","Cherry","16-bit SNES-era pixel art, cozy farm game, matching the existing sprites (dark plum #2B1B3D outlines, bright cheerful colors, crisp pixels, no anti-aliasing, no text): an inventory icon of cherry, one object, chunky and readable at small size. Single sprite centered on a solid magenta #FF00FF background, square framing."
"2","item_quince.png","square","Quince","16-bit SNES-era pixel art, cozy farm game, matching the existing sprites (dark plum #2B1B3D outlines, bright cheerful colors, crisp pixels, no anti-aliasing, no text): an inventory icon of quince, one object, chunky and readable at small size. Single sprite centered on a solid magenta #FF00FF background, square framing."
"2","item_egg.png","square","Farm Egg","16-bit SNES-era pixel art, cozy farm game, matching the existing sprites (dark plum #2B1B3D outlines, bright cheerful colors, crisp pixels, no anti-aliasing, no text): an inventory icon of farm egg, one object, chunky and readable at small size. Single sprite centered on a solid magenta #FF00FF background, square framing."
"2","item_honey.png","square","Woods Honey","16-bit SNES-era pixel art, cozy farm game, matching the existing sprites (dark plum #2B1B3D outlines, bright cheerful colors, crisp pixels, no anti-aliasing, no text): an inventory icon of woods honey, one object, chunky and readable at small size. Single sprite centered on a solid magenta #FF00FF background, square framing."
"2","item_lumber.png","square","Lumber","16-bit SNES-era pixel art, cozy farm game, matching the existing sprites (dark plum #2B1B3D outlines, bright cheerful colors, crisp pixels, no anti-aliasing, no text): an inventory icon of lumber, one object, chunky and readable at small size. Single sprite centered on a solid magenta #FF00FF background, square framing."
"2","item_nails.png","square","Nails","16-bit SNES-era pixel art, cozy farm game, matching the existing sprites (dark plum #2B1B3D outlines, bright cheerful colors, crisp pixels, no anti-aliasing, no text): an inventory icon of nails, one object, chunky and readable at small size. Single sprite centered on a solid magenta #FF00FF background, square framing."
"2","item_paint.png","square","Paint","16-bit SNES-era pixel art, cozy farm game, matching the existing sprites (dark plum #2B1B3D outlines, bright cheerful colors, crisp pixels, no anti-aliasing, no text): an inventory icon of paint, one object, chunky and readable at small size. Single sprite centered on a solid magenta #FF00FF background, square framing."
"2","item_glass.png","square","Glass Pane","16-bit SNES-era pixel art, cozy farm game, matching the existing sprites (dark plum #2B1B3D outlines, bright cheerful colors, crisp pixels, no anti-aliasing, no text): an inventory icon of glass pane, one object, chunky and readable at small size. Single sprite centered on a solid magenta #FF00FF background, square framing."
"2","item_fencing.png","square","Fencing","16-bit SNES-era pixel art, cozy farm game, matching the existing sprites (dark plum #2B1B3D outlines, bright cheerful colors, crisp pixels, no anti-aliasing, no text): an inventory icon of fencing, one object, chunky and readable at small size. Single sprite centered on a solid magenta #FF00FF background, square framing."
"2","item_barrel.png","square","Oak Barrel","16-bit SNES-era pixel art, cozy farm game, matching the existing sprites (dark plum #2B1B3D outlines, bright cheerful colors, crisp pixels, no anti-aliasing, no text): an inventory icon of oak barrel, one object, chunky and readable at small size. Single sprite centered on a solid magenta #FF00FF background, square framing."
"2","item_bottle.png","square","Wine Bottle","16-bit SNES-era pixel art, cozy farm game, matching the existing sprites (dark plum #2B1B3D outlines, bright cheerful colors, crisp pixels, no anti-aliasing, no text): an inventory icon of a bottle of Wine Bottle (wine bottle with a purple-themed label), one object, chunky and readable at small size. Single sprite centered on a solid magenta #FF00FF background, square framing."
"2","item_sugar.png","square","Sugar","16-bit SNES-era pixel art, cozy farm game, matching the existing sprites (dark plum #2B1B3D outlines, bright cheerful colors, crisp pixels, no anti-aliasing, no text): an inventory icon of sugar, one object, chunky and readable at small size. Single sprite centered on a solid magenta #FF00FF background, square framing."
"2","item_flour.png","square","Flour","16-bit SNES-era pixel art, cozy farm game, matching the existing sprites (dark plum #2B1B3D outlines, bright cheerful colors, crisp pixels, no anti-aliasing, no text): an inventory icon of flour, one object, chunky and readable at small size. Single sprite centered on a solid magenta #FF00FF background, square framing."
"2","item_butter.png","square","Churned Butter","16-bit SNES-era pixel art, cozy farm game, matching the existing sprites (dark plum #2B1B3D outlines, bright cheerful colors, crisp pixels, no anti-aliasing, no text): an inventory icon of churned butter, one object, chunky and readable at small size. Single sprite centered on a solid magenta #FF00FF background, square framing."
"2","item_omelette.png","square","Fluffy Omelette","16-bit SNES-era pixel art, cozy farm game, matching the existing sprites (dark plum #2B1B3D outlines, bright cheerful colors, crisp pixels, no anti-aliasing, no text): an inventory icon of fluffy omelette, one object, chunky and readable at small size. Single sprite centered on a solid magenta #FF00FF background, square framing."
"2","item_radish_salad.png","square","Radish Salad","16-bit SNES-era pixel art, cozy farm game, matching the existing sprites (dark plum #2B1B3D outlines, bright cheerful colors, crisp pixels, no anti-aliasing, no text): an inventory icon of radish salad, one object, chunky and readable at small size. Single sprite centered on a solid magenta #FF00FF background, square framing."
"2","item_kale_chips.png","square","Kale Chips","16-bit SNES-era pixel art, cozy farm game, matching the existing sprites (dark plum #2B1B3D outlines, bright cheerful colors, crisp pixels, no anti-aliasing, no text): an inventory icon of kale chips, one object, chunky and readable at small size. Single sprite centered on a solid magenta #FF00FF background, square framing."
"2","item_pickled_beans.png","square","Dilly Beans","16-bit SNES-era pixel art, cozy farm game, matching the existing sprites (dark plum #2B1B3D outlines, bright cheerful colors, crisp pixels, no anti-aliasing, no text): an inventory icon of dilly beans, one object, chunky and readable at small size. Single sprite centered on a solid magenta #FF00FF background, square framing."
"2","item_herb_butter.png","square","Herb Butter","16-bit SNES-era pixel art, cozy farm game, matching the existing sprites (dark plum #2B1B3D outlines, bright cheerful colors, crisp pixels, no anti-aliasing, no text): an inventory icon of herb butter, one object, chunky and readable at small size. Single sprite centered on a solid magenta #FF00FF background, square framing."
"2","item_cheese.png","square","Highland Cheddar","16-bit SNES-era pixel art, cozy farm game, matching the existing sprites (dark plum #2B1B3D outlines, bright cheerful colors, crisp pixels, no anti-aliasing, no text): an inventory icon of highland cheddar, one object, chunky and readable at small size. Single sprite centered on a solid magenta #FF00FF background, square framing."
"2","item_bread.png","square","Country Bread","16-bit SNES-era pixel art, cozy farm game, matching the existing sprites (dark plum #2B1B3D outlines, bright cheerful colors, crisp pixels, no anti-aliasing, no text): an inventory icon of country bread, one object, chunky and readable at small size. Single sprite centered on a solid magenta #FF00FF background, square framing."
"2","item_strawberry_jam.png","square","Strawberry Jam","16-bit SNES-era pixel art, cozy farm game, matching the existing sprites (dark plum #2B1B3D outlines, bright cheerful colors, crisp pixels, no anti-aliasing, no text): an inventory icon of strawberry jam, one object, chunky and readable at small size. Single sprite centered on a solid magenta #FF00FF background, square framing."
"2","item_plum_jam.png","square","Plum Jam","16-bit SNES-era pixel art, cozy farm game, matching the existing sprites (dark plum #2B1B3D outlines, bright cheerful colors, crisp pixels, no anti-aliasing, no text): an inventory icon of plum jam, one object, chunky and readable at small size. Single sprite centered on a solid magenta #FF00FF background, square framing."
"2","item_pickled_beans_spicy.png","square","Spicy Dilly Beans","16-bit SNES-era pixel art, cozy farm game, matching the existing sprites (dark plum #2B1B3D outlines, bright cheerful colors, crisp pixels, no anti-aliasing, no text): an inventory icon of spicy dilly beans, one object, chunky and readable at small size. Single sprite centered on a solid magenta #FF00FF background, square framing."
"2","item_blackberry_cobbler.png","square","Blackberry Cobbler","16-bit SNES-era pixel art, cozy farm game, matching the existing sprites (dark plum #2B1B3D outlines, bright cheerful colors, crisp pixels, no anti-aliasing, no text): an inventory icon of blackberry cobbler, one object, chunky and readable at small size. Single sprite centered on a solid magenta #FF00FF background, square framing."
"2","item_apple_pie.png","square","Apple Pie","16-bit SNES-era pixel art, cozy farm game, matching the existing sprites (dark plum #2B1B3D outlines, bright cheerful colors, crisp pixels, no anti-aliasing, no text): an inventory icon of apple pie, one object, chunky and readable at small size. Single sprite centered on a solid magenta #FF00FF background, square framing."
"2","item_pumpkin_loaf.png","square","Pumpkin Loaf","16-bit SNES-era pixel art, cozy farm game, matching the existing sprites (dark plum #2B1B3D outlines, bright cheerful colors, crisp pixels, no anti-aliasing, no text): an inventory icon of pumpkin loaf, one object, chunky and readable at small size. Single sprite centered on a solid magenta #FF00FF background, square framing."
"2","item_rhubarb_crisp.png","square","Rhubarb Crisp","16-bit SNES-era pixel art, cozy farm game, matching the existing sprites (dark plum #2B1B3D outlines, bright cheerful colors, crisp pixels, no anti-aliasing, no text): an inventory icon of rhubarb crisp, one object, chunky and readable at small size. Single sprite centered on a solid magenta #FF00FF background, square framing."
"2","item_zucchini_bread.png","square","Zucchini Bread","16-bit SNES-era pixel art, cozy farm game, matching the existing sprites (dark plum #2B1B3D outlines, bright cheerful colors, crisp pixels, no anti-aliasing, no text): an inventory icon of zucchini bread, one object, chunky and readable at small size. Single sprite centered on a solid magenta #FF00FF background, square framing."
"2","item_tomato_sauce.png","square","Garden Tomato Sauce","16-bit SNES-era pixel art, cozy farm game, matching the existing sprites (dark plum #2B1B3D outlines, bright cheerful colors, crisp pixels, no anti-aliasing, no text): an inventory icon of garden tomato sauce, one object, chunky and readable at small size. Single sprite centered on a solid magenta #FF00FF background, square framing."
"2","item_corn_chowder.png","square","Corn Chowder","16-bit SNES-era pixel art, cozy farm game, matching the existing sprites (dark plum #2B1B3D outlines, bright cheerful colors, crisp pixels, no anti-aliasing, no text): an inventory icon of corn chowder, one object, chunky and readable at small size. Single sprite centered on a solid magenta #FF00FF background, square framing."
"2","item_blueberry_muffins.png","square","Blueberry Muffins","16-bit SNES-era pixel art, cozy farm game, matching the existing sprites (dark plum #2B1B3D outlines, bright cheerful colors, crisp pixels, no anti-aliasing, no text): an inventory icon of blueberry muffins, one object, chunky and readable at small size. Single sprite centered on a solid magenta #FF00FF background, square framing."
"2","item_pear_tart.png","square","Pear Tart","16-bit SNES-era pixel art, cozy farm game, matching the existing sprites (dark plum #2B1B3D outlines, bright cheerful colors, crisp pixels, no anti-aliasing, no text): an inventory icon of pear tart, one object, chunky and readable at small size. Single sprite centered on a solid magenta #FF00FF background, square framing."
"2","item_caramel_apples.png","square","Caramel Apples","16-bit SNES-era pixel art, cozy farm game, matching the existing sprites (dark plum #2B1B3D outlines, bright cheerful colors, crisp pixels, no anti-aliasing, no text): an inventory icon of caramel apples, one object, chunky and readable at small size. Single sprite centered on a solid magenta #FF00FF background, square framing."
"2","item_peppermint_bark.png","square","Peppermint Bark","16-bit SNES-era pixel art, cozy farm game, matching the existing sprites (dark plum #2B1B3D outlines, bright cheerful colors, crisp pixels, no anti-aliasing, no text): an inventory icon of peppermint bark, one object, chunky and readable at small size. Single sprite centered on a solid magenta #FF00FF background, square framing."
"2","item_lavender_shortbread.png","square","Lavender Shortbread","16-bit SNES-era pixel art, cozy farm game, matching the existing sprites (dark plum #2B1B3D outlines, bright cheerful colors, crisp pixels, no anti-aliasing, no text): an inventory icon of lavender shortbread, one object, chunky and readable at small size. Single sprite centered on a solid magenta #FF00FF background, square framing."
"2","item_leek_soup.png","square","Leek and Potato Soup","16-bit SNES-era pixel art, cozy farm game, matching the existing sprites (dark plum #2B1B3D outlines, bright cheerful colors, crisp pixels, no anti-aliasing, no text): an inventory icon of leek and potato soup, one object, chunky and readable at small size. Single sprite centered on a solid magenta #FF00FF background, square framing."
"2","item_sauerkraut.png","square","Crock Sauerkraut","16-bit SNES-era pixel art, cozy farm game, matching the existing sprites (dark plum #2B1B3D outlines, bright cheerful colors, crisp pixels, no anti-aliasing, no text): an inventory icon of crock sauerkraut, one object, chunky and readable at small size. Single sprite centered on a solid magenta #FF00FF background, square framing."
"2","item_garden_quiche.png","square","Garden Quiche","16-bit SNES-era pixel art, cozy farm game, matching the existing sprites (dark plum #2B1B3D outlines, bright cheerful colors, crisp pixels, no anti-aliasing, no text): an inventory icon of garden quiche, one object, chunky and readable at small size. Single sprite centered on a solid magenta #FF00FF background, square framing."
"2","item_tulip_bouquet.png","square","Tulip Bouquet","16-bit SNES-era pixel art, cozy farm game, matching the existing sprites (dark plum #2B1B3D outlines, bright cheerful colors, crisp pixels, no anti-aliasing, no text): an inventory icon of tulip bouquet, one object, chunky and readable at small size. Single sprite centered on a solid magenta #FF00FF background, square framing."
"2","item_sunflower_bouquet.png","square","Sunflower Bouquet","16-bit SNES-era pixel art, cozy farm game, matching the existing sprites (dark plum #2B1B3D outlines, bright cheerful colors, crisp pixels, no anti-aliasing, no text): an inventory icon of sunflower bouquet, one object, chunky and readable at small size. Single sprite centered on a solid magenta #FF00FF background, square framing."
"2","item_holiday_wreath.png","square","Holiday Wreath","16-bit SNES-era pixel art, cozy farm game, matching the existing sprites (dark plum #2B1B3D outlines, bright cheerful colors, crisp pixels, no anti-aliasing, no text): an inventory icon of holiday wreath, one object, chunky and readable at small size. Single sprite centered on a solid magenta #FF00FF background, square framing."
"2","item_cranberry_relish.png","square","Cranberry Relish","16-bit SNES-era pixel art, cozy farm game, matching the existing sprites (dark plum #2B1B3D outlines, bright cheerful colors, crisp pixels, no anti-aliasing, no text): an inventory icon of cranberry relish, one object, chunky and readable at small size. Single sprite centered on a solid magenta #FF00FF background, square framing."
"2","item_cherry_clafoutis.png","square","Cherry Clafoutis","16-bit SNES-era pixel art, cozy farm game, matching the existing sprites (dark plum #2B1B3D outlines, bright cheerful colors, crisp pixels, no anti-aliasing, no text): an inventory icon of cherry clafoutis, one object, chunky and readable at small size. Single sprite centered on a solid magenta #FF00FF background, square framing."
"2","item_honey_cake.png","square","Honey Cake","16-bit SNES-era pixel art, cozy farm game, matching the existing sprites (dark plum #2B1B3D outlines, bright cheerful colors, crisp pixels, no anti-aliasing, no text): an inventory icon of honey cake, one object, chunky and readable at small size. Single sprite centered on a solid magenta #FF00FF background, square framing."
"2","item_wine_apple.png","square","Orchard Apple Wine","16-bit SNES-era pixel art, cozy farm game, matching the existing sprites (dark plum #2B1B3D outlines, bright cheerful colors, crisp pixels, no anti-aliasing, no text): an inventory icon of a bottle of Orchard Apple Wine (wine bottle with a purple-themed label), one object, chunky and readable at small size. Single sprite centered on a solid magenta #FF00FF background, square framing."
"2","item_wine_raspberry.png","square","Raspberry Blush","16-bit SNES-era pixel art, cozy farm game, matching the existing sprites (dark plum #2B1B3D outlines, bright cheerful colors, crisp pixels, no anti-aliasing, no text): an inventory icon of a bottle of Raspberry Blush (wine bottle with a purple-themed label), one object, chunky and readable at small size. Single sprite centered on a solid magenta #FF00FF background, square framing."
"2","item_wine_pear.png","square","Pear Perry","16-bit SNES-era pixel art, cozy farm game, matching the existing sprites (dark plum #2B1B3D outlines, bright cheerful colors, crisp pixels, no anti-aliasing, no text): an inventory icon of a bottle of Pear Perry (wine bottle with a purple-themed label), one object, chunky and readable at small size. Single sprite centered on a solid magenta #FF00FF background, square framing."
"2","item_wine_plum.png","square","Plum Velvet","16-bit SNES-era pixel art, cozy farm game, matching the existing sprites (dark plum #2B1B3D outlines, bright cheerful colors, crisp pixels, no anti-aliasing, no text): an inventory icon of a bottle of Plum Velvet (wine bottle with a purple-themed label), one object, chunky and readable at small size. Single sprite centered on a solid magenta #FF00FF background, square framing."
"2","item_wine_loganberry.png","square","Loganberry Reserve","16-bit SNES-era pixel art, cozy farm game, matching the existing sprites (dark plum #2B1B3D outlines, bright cheerful colors, crisp pixels, no anti-aliasing, no text): an inventory icon of a bottle of Loganberry Reserve (wine bottle with a purple-themed label), one object, chunky and readable at small size. Single sprite centered on a solid magenta #FF00FF background, square framing."
"2","item_wine_family.png","square","wine_family","16-bit SNES-era pixel art, cozy farm game, matching the existing sprites (dark plum #2B1B3D outlines, bright cheerful colors, crisp pixels, no anti-aliasing, no text): an inventory icon of a bottle of wine_family (wine bottle with a purple-themed label), one object, chunky and readable at small size. Single sprite centered on a solid magenta #FF00FF background, square framing."
"3","bld_farmhouse_ruined.png","tall 1:1.17","Farmhouse: ruined","16-bit SNES-era pixel art, cozy farm game, matching the existing sprites (dark plum #2B1B3D outlines, bright cheerful colors, crisp pixels, no anti-aliasing, no text): a two-story cream farmhouse with a wraparound porch, abandoned and weathered, gray wood, holes in the roof, blackberry brambles growing up the walls, cozy not spooky. Single sprite centered on a solid magenta #FF00FF background, tall 1:1.17 framing."
"3","bld_farmhouse_repair.png","tall 1:1.17","Farmhouse: under repair (scaffolding)","16-bit SNES-era pixel art, cozy farm game, matching the existing sprites (dark plum #2B1B3D outlines, bright cheerful colors, crisp pixels, no anti-aliasing, no text): a two-story cream farmhouse with a wraparound porch, under repair with wooden scaffolding, fresh planks mixed with old ones. Single sprite centered on a solid magenta #FF00FF background, tall 1:1.17 framing."
"3","bld_kitchen_ruined.png","tall 1:1.25","Summer Kitchen: ruined","16-bit SNES-era pixel art, cozy farm game, matching the existing sprites (dark plum #2B1B3D outlines, bright cheerful colors, crisp pixels, no anti-aliasing, no text): a small summer kitchen cottage with a brick chimney and a window box, abandoned and weathered, gray wood, holes in the roof, blackberry brambles growing up the walls, cozy not spooky. Single sprite centered on a solid magenta #FF00FF background, tall 1:1.25 framing."
"3","bld_kitchen_repair.png","tall 1:1.25","Summer Kitchen: under repair (scaffolding)","16-bit SNES-era pixel art, cozy farm game, matching the existing sprites (dark plum #2B1B3D outlines, bright cheerful colors, crisp pixels, no anti-aliasing, no text): a small summer kitchen cottage with a brick chimney and a window box, under repair with wooden scaffolding, fresh planks mixed with old ones. Single sprite centered on a solid magenta #FF00FF background, tall 1:1.25 framing."
"3","bld_coop_ruined.png","tall 1:1.25","Chicken Coop: ruined","16-bit SNES-era pixel art, cozy farm game, matching the existing sprites (dark plum #2B1B3D outlines, bright cheerful colors, crisp pixels, no anti-aliasing, no text): a small red and white chicken coop with a ramp, abandoned and weathered, gray wood, holes in the roof, blackberry brambles growing up the walls, cozy not spooky. Single sprite centered on a solid magenta #FF00FF background, tall 1:1.25 framing."
"3","bld_coop_repair.png","tall 1:1.25","Chicken Coop: under repair (scaffolding)","16-bit SNES-era pixel art, cozy farm game, matching the existing sprites (dark plum #2B1B3D outlines, bright cheerful colors, crisp pixels, no anti-aliasing, no text): a small red and white chicken coop with a ramp, under repair with wooden scaffolding, fresh planks mixed with old ones. Single sprite centered on a solid magenta #FF00FF background, tall 1:1.25 framing."
"3","bld_barn_ruined.png","tall 1:1.17","Big Red Barn: ruined","16-bit SNES-era pixel art, cozy farm game, matching the existing sprites (dark plum #2B1B3D outlines, bright cheerful colors, crisp pixels, no anti-aliasing, no text): a big red gambrel barn, abandoned and weathered, gray wood, holes in the roof, blackberry brambles growing up the walls, cozy not spooky. Single sprite centered on a solid magenta #FF00FF background, tall 1:1.17 framing."
"3","bld_barn_repair.png","tall 1:1.17","Big Red Barn: under repair (scaffolding)","16-bit SNES-era pixel art, cozy farm game, matching the existing sprites (dark plum #2B1B3D outlines, bright cheerful colors, crisp pixels, no anti-aliasing, no text): a big red gambrel barn, under repair with wooden scaffolding, fresh planks mixed with old ones. Single sprite centered on a solid magenta #FF00FF background, tall 1:1.17 framing."
"3","bld_market_stall_ruined.png","tall 1:1.25","Market Stall: ruined","16-bit SNES-era pixel art, cozy farm game, matching the existing sprites (dark plum #2B1B3D outlines, bright cheerful colors, crisp pixels, no anti-aliasing, no text): a farmers market stall with a purple and white striped canopy and a wooden counter, abandoned and weathered, gray wood, holes in the roof, blackberry brambles growing up the walls, cozy not spooky. Single sprite centered on a solid magenta #FF00FF background, tall 1:1.25 framing."
"3","bld_market_stall_repair.png","tall 1:1.25","Market Stall: under repair (scaffolding)","16-bit SNES-era pixel art, cozy farm game, matching the existing sprites (dark plum #2B1B3D outlines, bright cheerful colors, crisp pixels, no anti-aliasing, no text): a farmers market stall with a purple and white striped canopy and a wooden counter, under repair with wooden scaffolding, fresh planks mixed with old ones. Single sprite centered on a solid magenta #FF00FF background, tall 1:1.25 framing."
"3","bld_honor_box_ruined.png","tall 1:1.5","Honor Box Stand: ruined","16-bit SNES-era pixel art, cozy farm game, matching the existing sprites (dark plum #2B1B3D outlines, bright cheerful colors, crisp pixels, no anti-aliasing, no text): a tiny roadside farm stand with a little wooden coin box and a hand-painted sign, abandoned and weathered, gray wood, holes in the roof, blackberry brambles growing up the walls, cozy not spooky. Single sprite centered on a solid magenta #FF00FF background, tall 1:1.5 framing."
"3","bld_honor_box_repair.png","tall 1:1.5","Honor Box Stand: under repair (scaffolding)","16-bit SNES-era pixel art, cozy farm game, matching the existing sprites (dark plum #2B1B3D outlines, bright cheerful colors, crisp pixels, no anti-aliasing, no text): a tiny roadside farm stand with a little wooden coin box and a hand-painted sign, under repair with wooden scaffolding, fresh planks mixed with old ones. Single sprite centered on a solid magenta #FF00FF background, tall 1:1.5 framing."
"3","bld_winery_ruined.png","wide 1.2:1","Old Winery: ruined","16-bit SNES-era pixel art, cozy farm game, matching the existing sprites (dark plum #2B1B3D outlines, bright cheerful colors, crisp pixels, no anti-aliasing, no text): an old stone and timber winery with purple trim, a round door, and oak barrels by the entrance, abandoned and weathered, gray wood, holes in the roof, blackberry brambles growing up the walls, cozy not spooky. Single sprite centered on a solid magenta #FF00FF background, wide 1.2:1 framing."
"3","bld_winery_repair.png","wide 1.2:1","Old Winery: under repair (scaffolding)","16-bit SNES-era pixel art, cozy farm game, matching the existing sprites (dark plum #2B1B3D outlines, bright cheerful colors, crisp pixels, no anti-aliasing, no text): an old stone and timber winery with purple trim, a round door, and oak barrels by the entrance, under repair with wooden scaffolding, fresh planks mixed with old ones. Single sprite centered on a solid magenta #FF00FF background, wide 1.2:1 framing."
"3","bld_greenhouse_ruined.png","tall 1:1.25","Greenhouse: ruined","16-bit SNES-era pixel art, cozy farm game, matching the existing sprites (dark plum #2B1B3D outlines, bright cheerful colors, crisp pixels, no anti-aliasing, no text): a wood and glass greenhouse, abandoned and weathered, gray wood, holes in the roof, blackberry brambles growing up the walls, cozy not spooky. Single sprite centered on a solid magenta #FF00FF background, tall 1:1.25 framing."
"3","bld_greenhouse_repair.png","tall 1:1.25","Greenhouse: under repair (scaffolding)","16-bit SNES-era pixel art, cozy farm game, matching the existing sprites (dark plum #2B1B3D outlines, bright cheerful colors, crisp pixels, no anti-aliasing, no text): a wood and glass greenhouse, under repair with wooden scaffolding, fresh planks mixed with old ones. Single sprite centered on a solid magenta #FF00FF background, tall 1:1.25 framing."
"3","bld_hive_ruined.png","tall 1:1.5","Bee Garden: ruined","16-bit SNES-era pixel art, cozy farm game, matching the existing sprites (dark plum #2B1B3D outlines, bright cheerful colors, crisp pixels, no anti-aliasing, no text): three white wooden beehives on a small stand with a few flowers, abandoned and weathered, gray wood, holes in the roof, blackberry brambles growing up the walls, cozy not spooky. Single sprite centered on a solid magenta #FF00FF background, tall 1:1.5 framing."
"3","bld_hive_repair.png","tall 1:1.5","Bee Garden: under repair (scaffolding)","16-bit SNES-era pixel art, cozy farm game, matching the existing sprites (dark plum #2B1B3D outlines, bright cheerful colors, crisp pixels, no anti-aliasing, no text): three white wooden beehives on a small stand with a few flowers, under repair with wooden scaffolding, fresh planks mixed with old ones. Single sprite centered on a solid magenta #FF00FF background, tall 1:1.5 framing."
"3","bld_county_fair_ruined.png","wide 1.2:1","County Fair Tent: ruined","16-bit SNES-era pixel art, cozy farm game, matching the existing sprites (dark plum #2B1B3D outlines, bright cheerful colors, crisp pixels, no anti-aliasing, no text): a red and white striped county fair tent with pennant flags, abandoned and weathered, gray wood, holes in the roof, blackberry brambles growing up the walls, cozy not spooky. Single sprite centered on a solid magenta #FF00FF background, wide 1.2:1 framing."
"3","bld_county_fair_repair.png","wide 1.2:1","County Fair Tent: under repair (scaffolding)","16-bit SNES-era pixel art, cozy farm game, matching the existing sprites (dark plum #2B1B3D outlines, bright cheerful colors, crisp pixels, no anti-aliasing, no text): a red and white striped county fair tent with pennant flags, under repair with wooden scaffolding, fresh planks mixed with old ones. Single sprite centered on a solid magenta #FF00FF background, wide 1.2:1 framing."
"3","avatar_body.png","tall 1:1.5","player body, GRAYSCALE (tinted in game)","16-bit SNES-era pixel art, cozy farm game, matching the existing sprites (dark plum #2B1B3D outlines, bright cheerful colors, crisp pixels, no anti-aliasing, no text): the base body of a woman farmer character (head, arms, legs, simple underclothes), no hair, drawn as a separate paper-doll layer that lines up exactly over the same 32x48-shaped body, front view, in GRAYSCALE ONLY because the game recolors it. Single sprite centered on a solid magenta #FF00FF background, tall 1:1.5 framing."
"3","avatar_av_hat_none.png","tall 1:1.5","No Hat (avatar layer)","16-bit SNES-era pixel art, cozy farm game, matching the existing sprites (dark plum #2B1B3D outlines, bright cheerful colors, crisp pixels, no anti-aliasing, no text): a ""no hat"" on its own, drawn as a separate paper-doll layer that lines up exactly over the same 32x48-shaped body, front view. Single sprite centered on a solid magenta #FF00FF background, tall 1:1.5 framing."
"3","avatar_av_hat_sun.png","tall 1:1.5","Garden Sun Hat (avatar layer)","16-bit SNES-era pixel art, cozy farm game, matching the existing sprites (dark plum #2B1B3D outlines, bright cheerful colors, crisp pixels, no anti-aliasing, no text): a ""garden sun hat"" on its own, drawn as a separate paper-doll layer that lines up exactly over the same 32x48-shaped body, front view. Single sprite centered on a solid magenta #FF00FF background, tall 1:1.5 framing."
"3","avatar_av_hat_beanie.png","tall 1:1.5","Cozy Beanie (avatar layer)","16-bit SNES-era pixel art, cozy farm game, matching the existing sprites (dark plum #2B1B3D outlines, bright cheerful colors, crisp pixels, no anti-aliasing, no text): a ""cozy beanie"" on its own, drawn as a separate paper-doll layer that lines up exactly over the same 32x48-shaped body, front view. Single sprite centered on a solid magenta #FF00FF background, tall 1:1.5 framing."
"3","avatar_av_hat_witch.png","tall 1:1.5","Witch Hat (avatar layer)","16-bit SNES-era pixel art, cozy farm game, matching the existing sprites (dark plum #2B1B3D outlines, bright cheerful colors, crisp pixels, no anti-aliasing, no text): a ""witch hat"" on its own, drawn as a separate paper-doll layer that lines up exactly over the same 32x48-shaped body, front view. Single sprite centered on a solid magenta #FF00FF background, tall 1:1.5 framing."
"3","avatar_av_hat_santa.png","tall 1:1.5","Santa Hat (avatar layer)","16-bit SNES-era pixel art, cozy farm game, matching the existing sprites (dark plum #2B1B3D outlines, bright cheerful colors, crisp pixels, no anti-aliasing, no text): a ""santa hat"" on its own, drawn as a separate paper-doll layer that lines up exactly over the same 32x48-shaped body, front view. Single sprite centered on a solid magenta #FF00FF background, tall 1:1.5 framing."
"3","avatar_av_hat_bunny.png","tall 1:1.5","Bunny Ears Headband (avatar layer)","16-bit SNES-era pixel art, cozy farm game, matching the existing sprites (dark plum #2B1B3D outlines, bright cheerful colors, crisp pixels, no anti-aliasing, no text): a ""bunny ears headband"" on its own, drawn as a separate paper-doll layer that lines up exactly over the same 32x48-shaped body, front view. Single sprite centered on a solid magenta #FF00FF background, tall 1:1.5 framing."
"3","avatar_av_hat_visor.png","tall 1:1.5","Beach Visor (avatar layer)","16-bit SNES-era pixel art, cozy farm game, matching the existing sprites (dark plum #2B1B3D outlines, bright cheerful colors, crisp pixels, no anti-aliasing, no text): a ""beach visor"" on its own, drawn as a separate paper-doll layer that lines up exactly over the same 32x48-shaped body, front view. Single sprite centered on a solid magenta #FF00FF background, tall 1:1.5 framing."
"3","avatar_av_hair_long.png","tall 1:1.5","Long Waves (avatar layer, GRAYSCALE, tinted in game)","16-bit SNES-era pixel art, cozy farm game, matching the existing sprites (dark plum #2B1B3D outlines, bright cheerful colors, crisp pixels, no anti-aliasing, no text): a ""long waves"" hairstyle on its own (no head), drawn as a separate paper-doll layer that lines up exactly over the same 32x48-shaped body, front view, in GRAYSCALE ONLY because the game recolors it. Single sprite centered on a solid magenta #FF00FF background, tall 1:1.5 framing."
"3","avatar_av_hair_bob.png","tall 1:1.5","Bob (avatar layer, GRAYSCALE, tinted in game)","16-bit SNES-era pixel art, cozy farm game, matching the existing sprites (dark plum #2B1B3D outlines, bright cheerful colors, crisp pixels, no anti-aliasing, no text): a ""bob"" hairstyle on its own (no head), drawn as a separate paper-doll layer that lines up exactly over the same 32x48-shaped body, front view, in GRAYSCALE ONLY because the game recolors it. Single sprite centered on a solid magenta #FF00FF background, tall 1:1.5 framing."
"3","avatar_av_hair_bun.png","tall 1:1.5","Messy Bun (avatar layer, GRAYSCALE, tinted in game)","16-bit SNES-era pixel art, cozy farm game, matching the existing sprites (dark plum #2B1B3D outlines, bright cheerful colors, crisp pixels, no anti-aliasing, no text): a ""messy bun"" hairstyle on its own (no head), drawn as a separate paper-doll layer that lines up exactly over the same 32x48-shaped body, front view, in GRAYSCALE ONLY because the game recolors it. Single sprite centered on a solid magenta #FF00FF background, tall 1:1.5 framing."
"3","avatar_av_hair_braid.png","tall 1:1.5","Side Braid (avatar layer, GRAYSCALE, tinted in game)","16-bit SNES-era pixel art, cozy farm game, matching the existing sprites (dark plum #2B1B3D outlines, bright cheerful colors, crisp pixels, no anti-aliasing, no text): a ""side braid"" hairstyle on its own (no head), drawn as a separate paper-doll layer that lines up exactly over the same 32x48-shaped body, front view, in GRAYSCALE ONLY because the game recolors it. Single sprite centered on a solid magenta #FF00FF background, tall 1:1.5 framing."
"3","avatar_av_hair_ponytail.png","tall 1:1.5","High Ponytail (avatar layer, GRAYSCALE, tinted in game)","16-bit SNES-era pixel art, cozy farm game, matching the existing sprites (dark plum #2B1B3D outlines, bright cheerful colors, crisp pixels, no anti-aliasing, no text): a ""high ponytail"" hairstyle on its own (no head), drawn as a separate paper-doll layer that lines up exactly over the same 32x48-shaped body, front view, in GRAYSCALE ONLY because the game recolors it. Single sprite centered on a solid magenta #FF00FF background, tall 1:1.5 framing."
"3","avatar_av_hair_curls.png","tall 1:1.5","Big Curls (avatar layer, GRAYSCALE, tinted in game)","16-bit SNES-era pixel art, cozy farm game, matching the existing sprites (dark plum #2B1B3D outlines, bright cheerful colors, crisp pixels, no anti-aliasing, no text): a ""big curls"" hairstyle on its own (no head), drawn as a separate paper-doll layer that lines up exactly over the same 32x48-shaped body, front view, in GRAYSCALE ONLY because the game recolors it. Single sprite centered on a solid magenta #FF00FF background, tall 1:1.5 framing."
"3","avatar_av_outfit_overalls.png","tall 1:1.5","Overalls (avatar layer, GRAYSCALE, tinted in game)","16-bit SNES-era pixel art, cozy farm game, matching the existing sprites (dark plum #2B1B3D outlines, bright cheerful colors, crisp pixels, no anti-aliasing, no text): a ""overalls"" outfit on its own (no body), drawn as a separate paper-doll layer that lines up exactly over the same 32x48-shaped body, front view, in GRAYSCALE ONLY because the game recolors it. Single sprite centered on a solid magenta #FF00FF background, tall 1:1.5 framing."
"3","avatar_av_outfit_flannel.png","tall 1:1.5","Flannel and Jeans (avatar layer, GRAYSCALE, tinted in game)","16-bit SNES-era pixel art, cozy farm game, matching the existing sprites (dark plum #2B1B3D outlines, bright cheerful colors, crisp pixels, no anti-aliasing, no text): a ""flannel and jeans"" outfit on its own (no body), drawn as a separate paper-doll layer that lines up exactly over the same 32x48-shaped body, front view, in GRAYSCALE ONLY because the game recolors it. Single sprite centered on a solid magenta #FF00FF background, tall 1:1.5 framing."
"3","avatar_av_outfit_sundress.png","tall 1:1.5","Sundress (avatar layer, GRAYSCALE, tinted in game)","16-bit SNES-era pixel art, cozy farm game, matching the existing sprites (dark plum #2B1B3D outlines, bright cheerful colors, crisp pixels, no anti-aliasing, no text): a ""sundress"" outfit on its own (no body), drawn as a separate paper-doll layer that lines up exactly over the same 32x48-shaped body, front view, in GRAYSCALE ONLY because the game recolors it. Single sprite centered on a solid magenta #FF00FF background, tall 1:1.5 framing."
"3","avatar_av_outfit_sweater.png","tall 1:1.5","Chunky Sweater (avatar layer, GRAYSCALE, tinted in game)","16-bit SNES-era pixel art, cozy farm game, matching the existing sprites (dark plum #2B1B3D outlines, bright cheerful colors, crisp pixels, no anti-aliasing, no text): a ""chunky sweater"" outfit on its own (no body), drawn as a separate paper-doll layer that lines up exactly over the same 32x48-shaped body, front view, in GRAYSCALE ONLY because the game recolors it. Single sprite centered on a solid magenta #FF00FF background, tall 1:1.5 framing."
"3","avatar_av_acc_none.png","tall 1:1.5","Nothing Extra (avatar layer)","16-bit SNES-era pixel art, cozy farm game, matching the existing sprites (dark plum #2B1B3D outlines, bright cheerful colors, crisp pixels, no anti-aliasing, no text): a ""nothing extra"" on its own, drawn as a separate paper-doll layer that lines up exactly over the same 32x48-shaped body, front view. Single sprite centered on a solid magenta #FF00FF background, tall 1:1.5 framing."
"3","avatar_av_acc_scarf.png","tall 1:1.5","Knit Scarf (avatar layer)","16-bit SNES-era pixel art, cozy farm game, matching the existing sprites (dark plum #2B1B3D outlines, bright cheerful colors, crisp pixels, no anti-aliasing, no text): a ""knit scarf"" on its own, drawn as a separate paper-doll layer that lines up exactly over the same 32x48-shaped body, front view. Single sprite centered on a solid magenta #FF00FF background, tall 1:1.5 framing."
"3","avatar_av_acc_basket.png","tall 1:1.5","Harvest Basket (avatar layer)","16-bit SNES-era pixel art, cozy farm game, matching the existing sprites (dark plum #2B1B3D outlines, bright cheerful colors, crisp pixels, no anti-aliasing, no text): a ""harvest basket"" on its own, drawn as a separate paper-doll layer that lines up exactly over the same 32x48-shaped body, front view. Single sprite centered on a solid magenta #FF00FF background, tall 1:1.5 framing."
"3","avatar_av_acc_wine_glass.png","tall 1:1.5","Wine Glass (avatar layer)","16-bit SNES-era pixel art, cozy farm game, matching the existing sprites (dark plum #2B1B3D outlines, bright cheerful colors, crisp pixels, no anti-aliasing, no text): a ""wine glass"" on its own, drawn as a separate paper-doll layer that lines up exactly over the same 32x48-shaped body, front view. Single sprite centered on a solid magenta #FF00FF background, tall 1:1.5 framing."
"2","cos_hat_tiny_top.png","wide 1.5:1","Tiny Top Hat","16-bit SNES-era pixel art, cozy farm game, matching the existing sprites (dark plum #2B1B3D outlines, bright cheerful colors, crisp pixels, no anti-aliasing, no text): tiny top hat: a hat for a Highland cow, front view, no animal, sized to sit between two horns. Single sprite centered on a solid magenta #FF00FF background, wide 1.5:1 framing."
"2","cos_hat_purple_beanie.png","wide 1.5:1","Purple Beanie","16-bit SNES-era pixel art, cozy farm game, matching the existing sprites (dark plum #2B1B3D outlines, bright cheerful colors, crisp pixels, no anti-aliasing, no text): purple beanie: a hat for a Highland cow, front view, no animal, sized to sit between two horns. Single sprite centered on a solid magenta #FF00FF background, wide 1.5:1 framing."
"2","cos_hat_peppermint.png","wide 1.5:1","Peppermint Cow Hat","16-bit SNES-era pixel art, cozy farm game, matching the existing sprites (dark plum #2B1B3D outlines, bright cheerful colors, crisp pixels, no anti-aliasing, no text): peppermint cow hat: a hat for a Highland cow, front view, no animal, sized to sit between two horns. Single sprite centered on a solid magenta #FF00FF background, wide 1.5:1 framing."
"2","cos_hat_bunny_ears.png","wide 1.5:1","Bunny Ears","16-bit SNES-era pixel art, cozy farm game, matching the existing sprites (dark plum #2B1B3D outlines, bright cheerful colors, crisp pixels, no anti-aliasing, no text): bunny ears: a hat for a Highland cow, front view, no animal, sized to sit between two horns. Single sprite centered on a solid magenta #FF00FF background, wide 1.5:1 framing."
"2","cos_hat_cow_sunglasses.png","wide 1.5:1","Cow Sunglasses","16-bit SNES-era pixel art, cozy farm game, matching the existing sprites (dark plum #2B1B3D outlines, bright cheerful colors, crisp pixels, no anti-aliasing, no text): cow sunglasses: a hat for a Highland cow, front view, no animal, sized to sit between two horns. Single sprite centered on a solid magenta #FF00FF background, wide 1.5:1 framing."
"2","cos_hat_cow_straw_summer.png","wide 1.5:1","Wide Straw Sunhat","16-bit SNES-era pixel art, cozy farm game, matching the existing sprites (dark plum #2B1B3D outlines, bright cheerful colors, crisp pixels, no anti-aliasing, no text): wide straw sunhat: a hat for a Highland cow, front view, no animal, sized to sit between two horns. Single sprite centered on a solid magenta #FF00FF background, wide 1.5:1 framing."
"2","cos_hat_pumpkin_cap.png","wide 1.5:1","Pumpkin Cap","16-bit SNES-era pixel art, cozy farm game, matching the existing sprites (dark plum #2B1B3D outlines, bright cheerful colors, crisp pixels, no anti-aliasing, no text): pumpkin cap: a hat for a Highland cow, front view, no animal, sized to sit between two horns. Single sprite centered on a solid magenta #FF00FF background, wide 1.5:1 framing."
"2","cos_hat_fair_rosette.png","wide 1.5:1","Fair Rosette Hat","16-bit SNES-era pixel art, cozy farm game, matching the existing sprites (dark plum #2B1B3D outlines, bright cheerful colors, crisp pixels, no anti-aliasing, no text): fair rosette hat: a hat for a Highland cow, front view, no animal, sized to sit between two horns. Single sprite centered on a solid magenta #FF00FF background, wide 1.5:1 framing."
"2","cos_chick_bow.png","wide 1.2:1","Hair Bow","16-bit SNES-era pixel art, cozy farm game, matching the existing sprites (dark plum #2B1B3D outlines, bright cheerful colors, crisp pixels, no anti-aliasing, no text): hair bow: a tiny hat for a chicken, front view, no animal. Single sprite centered on a solid magenta #FF00FF background, wide 1.2:1 framing."
"2","cos_chick_tiny_crown.png","wide 1.2:1","Tiny Crown","16-bit SNES-era pixel art, cozy farm game, matching the existing sprites (dark plum #2B1B3D outlines, bright cheerful colors, crisp pixels, no anti-aliasing, no text): tiny crown: a tiny hat for a chicken, front view, no animal. Single sprite centered on a solid magenta #FF00FF background, wide 1.2:1 framing."
"2","cos_chick_witch_hat.png","wide 1.2:1","Tiny Witch Hat","16-bit SNES-era pixel art, cozy farm game, matching the existing sprites (dark plum #2B1B3D outlines, bright cheerful colors, crisp pixels, no anti-aliasing, no text): tiny witch hat: a tiny hat for a chicken, front view, no animal. Single sprite centered on a solid magenta #FF00FF background, wide 1.2:1 framing."
"2","cos_chick_egg_cap.png","wide 1.2:1","Eggshell Cap","16-bit SNES-era pixel art, cozy farm game, matching the existing sprites (dark plum #2B1B3D outlines, bright cheerful colors, crisp pixels, no anti-aliasing, no text): eggshell cap: a tiny hat for a chicken, front view, no animal. Single sprite centered on a solid magenta #FF00FF background, wide 1.2:1 framing."
"2","cos_chick_snow_hat.png","wide 1.2:1","Pom Pom Hat","16-bit SNES-era pixel art, cozy farm game, matching the existing sprites (dark plum #2B1B3D outlines, bright cheerful colors, crisp pixels, no anti-aliasing, no text): pom pom hat: a tiny hat for a chicken, front view, no animal. Single sprite centered on a solid magenta #FF00FF background, wide 1.2:1 framing."
"2","cos_chick_flower.png","wide 1.2:1","Hibiscus","16-bit SNES-era pixel art, cozy farm game, matching the existing sprites (dark plum #2B1B3D outlines, bright cheerful colors, crisp pixels, no anti-aliasing, no text): hibiscus: a tiny hat for a chicken, front view, no animal. Single sprite centered on a solid magenta #FF00FF background, wide 1.2:1 framing."
"2","cos_neck_bell.png","wide 2:1","Brass Bell","16-bit SNES-era pixel art, cozy farm game, matching the existing sprites (dark plum #2B1B3D outlines, bright cheerful colors, crisp pixels, no anti-aliasing, no text): brass bell: neckwear for a farm animal (scarf, bell, or lei), front view, no animal. Single sprite centered on a solid magenta #FF00FF background, wide 2:1 framing."
"2","cos_neck_scarf_plaid.png","wide 2:1","Plaid Scarf","16-bit SNES-era pixel art, cozy farm game, matching the existing sprites (dark plum #2B1B3D outlines, bright cheerful colors, crisp pixels, no anti-aliasing, no text): plaid scarf: neckwear for a farm animal (scarf, bell, or lei), front view, no animal. Single sprite centered on a solid magenta #FF00FF background, wide 2:1 framing."
"2","cos_neck_peppermint_scarf.png","wide 2:1","Peppermint Scarf","16-bit SNES-era pixel art, cozy farm game, matching the existing sprites (dark plum #2B1B3D outlines, bright cheerful colors, crisp pixels, no anti-aliasing, no text): peppermint scarf: neckwear for a farm animal (scarf, bell, or lei), front view, no animal. Single sprite centered on a solid magenta #FF00FF background, wide 2:1 framing."
"2","cos_neck_lei.png","wide 2:1","Flower Lei","16-bit SNES-era pixel art, cozy farm game, matching the existing sprites (dark plum #2B1B3D outlines, bright cheerful colors, crisp pixels, no anti-aliasing, no text): flower lei: neckwear for a farm animal (scarf, bell, or lei), front view, no animal. Single sprite centered on a solid magenta #FF00FF background, wide 2:1 framing."
"2","cos_neck_bow_purple.png","wide 2:1","Purple Bow","16-bit SNES-era pixel art, cozy farm game, matching the existing sprites (dark plum #2B1B3D outlines, bright cheerful colors, crisp pixels, no anti-aliasing, no text): purple bow: neckwear for a farm animal (scarf, bell, or lei), front view, no animal. Single sprite centered on a solid magenta #FF00FF background, wide 2:1 framing."
"2","cos_label_classic.png","tall 1:1.33","Classic Plum Label","16-bit SNES-era pixel art, cozy farm game, matching the existing sprites (dark plum #2B1B3D outlines, bright cheerful colors, crisp pixels, no anti-aliasing, no text): a vintage wine bottle label design, ""Classic Plum Label"" style, purple accents, blank space in the middle for a name, flat front view. Single sprite centered on a solid magenta #FF00FF background, tall 1:1.33 framing."
"2","cos_label_vine.png","tall 1:1.33","Vine Border Label","16-bit SNES-era pixel art, cozy farm game, matching the existing sprites (dark plum #2B1B3D outlines, bright cheerful colors, crisp pixels, no anti-aliasing, no text): a vintage wine bottle label design, ""Vine Border Label"" style, purple accents, blank space in the middle for a name, flat front view. Single sprite centered on a solid magenta #FF00FF background, tall 1:1.33 framing."
"2","cos_label_cow.png","tall 1:1.33","Highland Cow Label","16-bit SNES-era pixel art, cozy farm game, matching the existing sprites (dark plum #2B1B3D outlines, bright cheerful colors, crisp pixels, no anti-aliasing, no text): a vintage wine bottle label design, ""Highland Cow Label"" style, purple accents, blank space in the middle for a name, flat front view. Single sprite centered on a solid magenta #FF00FF background, tall 1:1.33 framing."
"2","cos_label_luna.png","tall 1:1.33","Luna Silhouette Label","16-bit SNES-era pixel art, cozy farm game, matching the existing sprites (dark plum #2B1B3D outlines, bright cheerful colors, crisp pixels, no anti-aliasing, no text): a vintage wine bottle label design, ""Luna Silhouette Label"" style, purple accents, blank space in the middle for a name, flat front view. Single sprite centered on a solid magenta #FF00FF background, tall 1:1.33 framing."
"2","cos_label_gold.png","tall 1:1.33","Gold Foil Label","16-bit SNES-era pixel art, cozy farm game, matching the existing sprites (dark plum #2B1B3D outlines, bright cheerful colors, crisp pixels, no anti-aliasing, no text): a vintage wine bottle label design, ""Gold Foil Label"" style, purple accents, blank space in the middle for a name, flat front view. Single sprite centered on a solid magenta #FF00FF background, tall 1:1.33 framing."
"2","cos_paint_classic_red.png","square","Barn Red","16-bit SNES-era pixel art, cozy farm game, matching the existing sprites (dark plum #2B1B3D outlines, bright cheerful colors, crisp pixels, no anti-aliasing, no text): a small square swatch showing barn red (building paint sample). Single sprite centered on a solid magenta #FF00FF background, square framing."
"2","cos_paint_lavender.png","square","Lavender","16-bit SNES-era pixel art, cozy farm game, matching the existing sprites (dark plum #2B1B3D outlines, bright cheerful colors, crisp pixels, no anti-aliasing, no text): a small square swatch showing lavender (building paint sample). Single sprite centered on a solid magenta #FF00FF background, square framing."
"2","cos_paint_sage.png","square","Sage Green","16-bit SNES-era pixel art, cozy farm game, matching the existing sprites (dark plum #2B1B3D outlines, bright cheerful colors, crisp pixels, no anti-aliasing, no text): a small square swatch showing sage green (building paint sample). Single sprite centered on a solid magenta #FF00FF background, square framing."
"2","cos_paint_butter.png","square","Butter Yellow","16-bit SNES-era pixel art, cozy farm game, matching the existing sprites (dark plum #2B1B3D outlines, bright cheerful colors, crisp pixels, no anti-aliasing, no text): a small square swatch showing butter yellow (building paint sample). Single sprite centered on a solid magenta #FF00FF background, square framing."
"2","cos_paint_sky.png","square","Sky Blue","16-bit SNES-era pixel art, cozy farm game, matching the existing sprites (dark plum #2B1B3D outlines, bright cheerful colors, crisp pixels, no anti-aliasing, no text): a small square swatch showing sky blue (building paint sample). Single sprite centered on a solid magenta #FF00FF background, square framing."
"2","cos_roof_slate.png","square","Slate Roof","16-bit SNES-era pixel art, cozy farm game, matching the existing sprites (dark plum #2B1B3D outlines, bright cheerful colors, crisp pixels, no anti-aliasing, no text): a small square swatch showing slate roof (building roof sample). Single sprite centered on a solid magenta #FF00FF background, square framing."
"2","cos_roof_plum.png","square","Plum Shingles","16-bit SNES-era pixel art, cozy farm game, matching the existing sprites (dark plum #2B1B3D outlines, bright cheerful colors, crisp pixels, no anti-aliasing, no text): a small square swatch showing plum shingles (building roof sample). Single sprite centered on a solid magenta #FF00FF background, square framing."
"2","cos_roof_tin.png","square","Tin Roof","16-bit SNES-era pixel art, cozy farm game, matching the existing sprites (dark plum #2B1B3D outlines, bright cheerful colors, crisp pixels, no anti-aliasing, no text): a small square swatch showing tin roof (building roof sample). Single sprite centered on a solid magenta #FF00FF background, square framing."
"2","cos_skin_pumpkin_door.png","square","Pumpkin Barn Door","16-bit SNES-era pixel art, cozy farm game, matching the existing sprites (dark plum #2B1B3D outlines, bright cheerful colors, crisp pixels, no anti-aliasing, no text): a small square swatch showing pumpkin barn door (building skin sample). Single sprite centered on a solid magenta #FF00FF background, square framing."
"2","cos_skin_flower_boxes.png","square","Window Flower Boxes","16-bit SNES-era pixel art, cozy farm game, matching the existing sprites (dark plum #2B1B3D outlines, bright cheerful colors, crisp pixels, no anti-aliasing, no text): a small square swatch showing window flower boxes (building skin sample). Single sprite centered on a solid magenta #FF00FF background, square framing."
"2","cos_skin_snowy_eaves.png","square","Snowy Eaves","16-bit SNES-era pixel art, cozy farm game, matching the existing sprites (dark plum #2B1B3D outlines, bright cheerful colors, crisp pixels, no anti-aliasing, no text): a small square swatch showing snowy eaves (building skin sample). Single sprite centered on a solid magenta #FF00FF background, square framing."
"2","cos_skin_pastel_trim.png","square","Pastel Trim","16-bit SNES-era pixel art, cozy farm game, matching the existing sprites (dark plum #2B1B3D outlines, bright cheerful colors, crisp pixels, no anti-aliasing, no text): a small square swatch showing pastel trim (building skin sample). Single sprite centered on a solid magenta #FF00FF background, square framing."
"2","cos_skin_beach_shack.png","square","Beach Shack Trim","16-bit SNES-era pixel art, cozy farm game, matching the existing sprites (dark plum #2B1B3D outlines, bright cheerful colors, crisp pixels, no anti-aliasing, no text): a small square swatch showing beach shack trim (building skin sample). Single sprite centered on a solid magenta #FF00FF background, square framing."
"2","decor_wooden_bench.png","wide 2:1","Wooden Bench","16-bit SNES-era pixel art, cozy farm game, matching the existing sprites (dark plum #2B1B3D outlines, bright cheerful colors, crisp pixels, no anti-aliasing, no text): wooden bench, a garden decoration for a cozy farm. Single sprite centered on a solid magenta #FF00FF background, wide 2:1 framing."
"2","decor_flower_pot.png","square","Flower Pot","16-bit SNES-era pixel art, cozy farm game, matching the existing sprites (dark plum #2B1B3D outlines, bright cheerful colors, crisp pixels, no anti-aliasing, no text): flower pot, a garden decoration for a cozy farm. Single sprite centered on a solid magenta #FF00FF background, square framing."
"2","decor_lavender_planter.png","square","Lavender Planter","16-bit SNES-era pixel art, cozy farm game, matching the existing sprites (dark plum #2B1B3D outlines, bright cheerful colors, crisp pixels, no anti-aliasing, no text): lavender planter, a garden decoration for a cozy farm. Single sprite centered on a solid magenta #FF00FF background, square framing."
"2","decor_stone_path.png","square","Stone Path","16-bit SNES-era pixel art, cozy farm game, matching the existing sprites (dark plum #2B1B3D outlines, bright cheerful colors, crisp pixels, no anti-aliasing, no text): stone path, a garden decoration for a cozy farm. Single sprite centered on a solid magenta #FF00FF background, square framing."
"2","decor_brick_path.png","square","Brick Path","16-bit SNES-era pixel art, cozy farm game, matching the existing sprites (dark plum #2B1B3D outlines, bright cheerful colors, crisp pixels, no anti-aliasing, no text): brick path, a garden decoration for a cozy farm. Single sprite centered on a solid magenta #FF00FF background, square framing."
"2","decor_picket_fence.png","square","White Picket Fence","16-bit SNES-era pixel art, cozy farm game, matching the existing sprites (dark plum #2B1B3D outlines, bright cheerful colors, crisp pixels, no anti-aliasing, no text): white picket fence, a garden decoration for a cozy farm. Single sprite centered on a solid magenta #FF00FF background, square framing."
"2","decor_mailbox_purple.png","square","Purple Mailbox","16-bit SNES-era pixel art, cozy farm game, matching the existing sprites (dark plum #2B1B3D outlines, bright cheerful colors, crisp pixels, no anti-aliasing, no text): purple mailbox, a garden decoration for a cozy farm. Single sprite centered on a solid magenta #FF00FF background, square framing."
"2","decor_birdbath.png","square","Birdbath","16-bit SNES-era pixel art, cozy farm game, matching the existing sprites (dark plum #2B1B3D outlines, bright cheerful colors, crisp pixels, no anti-aliasing, no text): birdbath, a garden decoration for a cozy farm. Single sprite centered on a solid magenta #FF00FF background, square framing."
"2","decor_garden_gnome.png","square","Garden Gnome","16-bit SNES-era pixel art, cozy farm game, matching the existing sprites (dark plum #2B1B3D outlines, bright cheerful colors, crisp pixels, no anti-aliasing, no text): garden gnome, a garden decoration for a cozy farm. Single sprite centered on a solid magenta #FF00FF background, square framing."
"2","decor_porch_swing.png","wide 2:1","Porch Swing","16-bit SNES-era pixel art, cozy farm game, matching the existing sprites (dark plum #2B1B3D outlines, bright cheerful colors, crisp pixels, no anti-aliasing, no text): porch swing, a garden decoration for a cozy farm. Single sprite centered on a solid magenta #FF00FF background, wide 2:1 framing."
"2","decor_wheelbarrow.png","square","Wheelbarrow of Flowers","16-bit SNES-era pixel art, cozy farm game, matching the existing sprites (dark plum #2B1B3D outlines, bright cheerful colors, crisp pixels, no anti-aliasing, no text): wheelbarrow of flowers, a garden decoration for a cozy farm. Single sprite centered on a solid magenta #FF00FF background, square framing."
"2","decor_hay_wagon.png","square","Hay Wagon","16-bit SNES-era pixel art, cozy farm game, matching the existing sprites (dark plum #2B1B3D outlines, bright cheerful colors, crisp pixels, no anti-aliasing, no text): hay wagon, a garden decoration for a cozy farm. Single sprite centered on a solid magenta #FF00FF background, square framing."
"2","decor_windmill.png","tall 1:2","Little Windmill","16-bit SNES-era pixel art, cozy farm game, matching the existing sprites (dark plum #2B1B3D outlines, bright cheerful colors, crisp pixels, no anti-aliasing, no text): little windmill, a garden decoration for a cozy farm. Single sprite centered on a solid magenta #FF00FF background, tall 1:2 framing."
"2","decor_fire_pit.png","square","Fire Pit","16-bit SNES-era pixel art, cozy farm game, matching the existing sprites (dark plum #2B1B3D outlines, bright cheerful colors, crisp pixels, no anti-aliasing, no text): fire pit, a garden decoration for a cozy farm. Single sprite centered on a solid magenta #FF00FF background, square framing."
"2","decor_highland_statue.png","square","Highland Cow Statue","16-bit SNES-era pixel art, cozy farm game, matching the existing sprites (dark plum #2B1B3D outlines, bright cheerful colors, crisp pixels, no anti-aliasing, no text): highland cow statue, a garden decoration for a cozy farm. Single sprite centered on a solid magenta #FF00FF background, square framing."
"2","decor_wine_barrel_planter.png","square","Barrel Planter","16-bit SNES-era pixel art, cozy farm game, matching the existing sprites (dark plum #2B1B3D outlines, bright cheerful colors, crisp pixels, no anti-aliasing, no text): barrel planter, a garden decoration for a cozy farm. Single sprite centered on a solid magenta #FF00FF background, square framing."
"2","decor_grape_arbor.png","wide 2:1","Grape Arbor","16-bit SNES-era pixel art, cozy farm game, matching the existing sprites (dark plum #2B1B3D outlines, bright cheerful colors, crisp pixels, no anti-aliasing, no text): grape arbor, a garden decoration for a cozy farm. Single sprite centered on a solid magenta #FF00FF background, wide 2:1 framing."
"2","decor_selleck_sign.png","wide 2:1","Selleck Homestead Sign","16-bit SNES-era pixel art, cozy farm game, matching the existing sprites (dark plum #2B1B3D outlines, bright cheerful colors, crisp pixels, no anti-aliasing, no text): selleck homestead sign, a garden decoration for a cozy farm. Single sprite centered on a solid magenta #FF00FF background, wide 2:1 framing."
"2","decor_candy_corn_bunting.png","wide 2:1","Candy Corn Bunting","16-bit SNES-era pixel art, cozy farm game, matching the existing sprites (dark plum #2B1B3D outlines, bright cheerful colors, crisp pixels, no anti-aliasing, no text): candy corn bunting, a garden decoration for a cozy farm. Single sprite centered on a solid magenta #FF00FF background, wide 2:1 framing."
"2","decor_candy_corn_bowl.png","square","Candy Corn Bowl","16-bit SNES-era pixel art, cozy farm game, matching the existing sprites (dark plum #2B1B3D outlines, bright cheerful colors, crisp pixels, no anti-aliasing, no text): candy corn bowl, a garden decoration for a cozy farm. Single sprite centered on a solid magenta #FF00FF background, square framing."
"2","decor_pumpkin_patch.png","square","Pumpkin Patch","16-bit SNES-era pixel art, cozy farm game, matching the existing sprites (dark plum #2B1B3D outlines, bright cheerful colors, crisp pixels, no anti-aliasing, no text): pumpkin patch, a garden decoration for a cozy farm. Single sprite centered on a solid magenta #FF00FF background, square framing."
"2","decor_scarecrow.png","tall 1:2","Friendly Scarecrow","16-bit SNES-era pixel art, cozy farm game, matching the existing sprites (dark plum #2B1B3D outlines, bright cheerful colors, crisp pixels, no anti-aliasing, no text): friendly scarecrow, a garden decoration for a cozy farm. Single sprite centered on a solid magenta #FF00FF background, tall 1:2 framing."
"2","decor_hay_bales.png","wide 2:1","Hay Bales","16-bit SNES-era pixel art, cozy farm game, matching the existing sprites (dark plum #2B1B3D outlines, bright cheerful colors, crisp pixels, no anti-aliasing, no text): hay bales, a garden decoration for a cozy farm. Single sprite centered on a solid magenta #FF00FF background, wide 2:1 framing."
"2","decor_jack_o_lantern.png","square","Smiling Jack-o-lantern","16-bit SNES-era pixel art, cozy farm game, matching the existing sprites (dark plum #2B1B3D outlines, bright cheerful colors, crisp pixels, no anti-aliasing, no text): smiling jack-o-lantern, a garden decoration for a cozy farm. Single sprite centered on a solid magenta #FF00FF background, square framing."
"2","decor_candy_cane_fence.png","square","Candy Cane Fence","16-bit SNES-era pixel art, cozy farm game, matching the existing sprites (dark plum #2B1B3D outlines, bright cheerful colors, crisp pixels, no anti-aliasing, no text): candy cane fence, a garden decoration for a cozy farm. Single sprite centered on a solid magenta #FF00FF background, square framing."
"2","decor_wreath.png","square","Door Wreath","16-bit SNES-era pixel art, cozy farm game, matching the existing sprites (dark plum #2B1B3D outlines, bright cheerful colors, crisp pixels, no anti-aliasing, no text): door wreath, a garden decoration for a cozy farm. Single sprite centered on a solid magenta #FF00FF background, square framing."
"2","decor_string_lights.png","wide 2:1","String Lights","16-bit SNES-era pixel art, cozy farm game, matching the existing sprites (dark plum #2B1B3D outlines, bright cheerful colors, crisp pixels, no anti-aliasing, no text): string lights, a garden decoration for a cozy farm. Single sprite centered on a solid magenta #FF00FF background, wide 2:1 framing."
"2","decor_snowman.png","square","Snowman","16-bit SNES-era pixel art, cozy farm game, matching the existing sprites (dark plum #2B1B3D outlines, bright cheerful colors, crisp pixels, no anti-aliasing, no text): snowman, a garden decoration for a cozy farm. Single sprite centered on a solid magenta #FF00FF background, square framing."
"2","decor_peppermint_lamp.png","tall 1:2","Peppermint Lamp Post","16-bit SNES-era pixel art, cozy farm game, matching the existing sprites (dark plum #2B1B3D outlines, bright cheerful colors, crisp pixels, no anti-aliasing, no text): peppermint lamp post, a garden decoration for a cozy farm. Single sprite centered on a solid magenta #FF00FF background, tall 1:2 framing."
"2","decor_egg_basket.png","square","Pastel Egg Basket","16-bit SNES-era pixel art, cozy farm game, matching the existing sprites (dark plum #2B1B3D outlines, bright cheerful colors, crisp pixels, no anti-aliasing, no text): pastel egg basket, a garden decoration for a cozy farm. Single sprite centered on a solid magenta #FF00FF background, square framing."
"2","decor_bunny_topiary.png","tall 1:2","Bunny Topiary","16-bit SNES-era pixel art, cozy farm game, matching the existing sprites (dark plum #2B1B3D outlines, bright cheerful colors, crisp pixels, no anti-aliasing, no text): bunny topiary, a garden decoration for a cozy farm. Single sprite centered on a solid magenta #FF00FF background, tall 1:2 framing."
"2","decor_flower_arch.png","wide 2:1","Blossom Arch","16-bit SNES-era pixel art, cozy farm game, matching the existing sprites (dark plum #2B1B3D outlines, bright cheerful colors, crisp pixels, no anti-aliasing, no text): blossom arch, a garden decoration for a cozy farm. Single sprite centered on a solid magenta #FF00FF background, wide 2:1 framing."
"2","decor_tulip_bed.png","wide 2:1","Tulip Bed","16-bit SNES-era pixel art, cozy farm game, matching the existing sprites (dark plum #2B1B3D outlines, bright cheerful colors, crisp pixels, no anti-aliasing, no text): tulip bed, a garden decoration for a cozy farm. Single sprite centered on a solid magenta #FF00FF background, wide 2:1 framing."
"2","decor_sandy_patch.png","square","Sandy Patch","16-bit SNES-era pixel art, cozy farm game, matching the existing sprites (dark plum #2B1B3D outlines, bright cheerful colors, crisp pixels, no anti-aliasing, no text): sandy patch, a garden decoration for a cozy farm. Single sprite centered on a solid magenta #FF00FF background, square framing."
"2","decor_tiki_torch.png","square","Tiki Torch","16-bit SNES-era pixel art, cozy farm game, matching the existing sprites (dark plum #2B1B3D outlines, bright cheerful colors, crisp pixels, no anti-aliasing, no text): tiki torch, a garden decoration for a cozy farm. Single sprite centered on a solid magenta #FF00FF background, square framing."
"2","decor_kiddie_pool.png","square","Kiddie Pool","16-bit SNES-era pixel art, cozy farm game, matching the existing sprites (dark plum #2B1B3D outlines, bright cheerful colors, crisp pixels, no anti-aliasing, no text): kiddie pool, a garden decoration for a cozy farm. Single sprite centered on a solid magenta #FF00FF background, square framing."
"2","decor_surfboard_rack.png","square","Surfboard Rack","16-bit SNES-era pixel art, cozy farm game, matching the existing sprites (dark plum #2B1B3D outlines, bright cheerful colors, crisp pixels, no anti-aliasing, no text): surfboard rack, a garden decoration for a cozy farm. Single sprite centered on a solid magenta #FF00FF background, square framing."
"2","decor_sandcastle.png","square","Sandcastle","16-bit SNES-era pixel art, cozy farm game, matching the existing sprites (dark plum #2B1B3D outlines, bright cheerful colors, crisp pixels, no anti-aliasing, no text): sandcastle, a garden decoration for a cozy farm. Single sprite centered on a solid magenta #FF00FF background, square framing."
"2","decor_fair_ribbon_board.png","wide 2:1","Blue Ribbon Board","16-bit SNES-era pixel art, cozy farm game, matching the existing sprites (dark plum #2B1B3D outlines, bright cheerful colors, crisp pixels, no anti-aliasing, no text): blue ribbon board, a garden decoration for a cozy farm. Single sprite centered on a solid magenta #FF00FF background, wide 2:1 framing."
"2","decor_fair_ferris_wheel.png","square","Tiny Ferris Wheel","16-bit SNES-era pixel art, cozy farm game, matching the existing sprites (dark plum #2B1B3D outlines, bright cheerful colors, crisp pixels, no anti-aliasing, no text): tiny ferris wheel, a garden decoration for a cozy farm. Single sprite centered on a solid magenta #FF00FF background, square framing."
"2","decor_heirloom_bee_skep.png","square","Straw Bee Skep","16-bit SNES-era pixel art, cozy farm game, matching the existing sprites (dark plum #2B1B3D outlines, bright cheerful colors, crisp pixels, no anti-aliasing, no text): straw bee skep, a garden decoration for a cozy farm. Single sprite centered on a solid magenta #FF00FF background, square framing."
"2","decor_heirloom_sundial.png","square","Brass Sundial","16-bit SNES-era pixel art, cozy farm game, matching the existing sprites (dark plum #2B1B3D outlines, bright cheerful colors, crisp pixels, no anti-aliasing, no text): brass sundial, a garden decoration for a cozy farm. Single sprite centered on a solid magenta #FF00FF background, square framing."
"2","decor_heirloom_gazebo.png","square","Garden Gazebo","16-bit SNES-era pixel art, cozy farm game, matching the existing sprites (dark plum #2B1B3D outlines, bright cheerful colors, crisp pixels, no anti-aliasing, no text): garden gazebo, a garden decoration for a cozy farm. Single sprite centered on a solid magenta #FF00FF background, square framing."
"3","lucky_butterfly.png","square","golden butterfly (2 frames: wings open, wings closed)","16-bit SNES-era pixel art, cozy farm game, matching the existing sprites (dark plum #2B1B3D outlines, bright cheerful colors, crisp pixels, no anti-aliasing, no text): golden butterfly (2 frames: wings open, wings closed). Single sprite centered on a solid magenta #FF00FF background, square framing."
"3","lucky_blue_butterfly.png","square","blue morpho butterfly (2 frames)","16-bit SNES-era pixel art, cozy farm game, matching the existing sprites (dark plum #2B1B3D outlines, bright cheerful colors, crisp pixels, no anti-aliasing, no text): blue morpho butterfly (2 frames). Single sprite centered on a solid magenta #FF00FF background, square framing."
"3","lucky_ladybug.png","square","ladybug (2 frames)","16-bit SNES-era pixel art, cozy farm game, matching the existing sprites (dark plum #2B1B3D outlines, bright cheerful colors, crisp pixels, no anti-aliasing, no text): ladybug (2 frames). Single sprite centered on a solid magenta #FF00FF background, square framing."
"3","fx_petal.png","square","pink blossom petal (tiny)","16-bit SNES-era pixel art, cozy farm game, matching the existing sprites (dark plum #2B1B3D outlines, bright cheerful colors, crisp pixels, no anti-aliasing, no text): pink blossom petal (tiny). Single sprite centered on a solid magenta #FF00FF background, square framing."
"3","fx_leaf.png","square","orange autumn leaf (tiny)","16-bit SNES-era pixel art, cozy farm game, matching the existing sprites (dark plum #2B1B3D outlines, bright cheerful colors, crisp pixels, no anti-aliasing, no text): orange autumn leaf (tiny). Single sprite centered on a solid magenta #FF00FF background, square framing."
"3","fx_snow.png","square","snowflake (tiny)","16-bit SNES-era pixel art, cozy farm game, matching the existing sprites (dark plum #2B1B3D outlines, bright cheerful colors, crisp pixels, no anti-aliasing, no text): snowflake (tiny). Single sprite centered on a solid magenta #FF00FF background, square framing."
"3","fx_sparkle.png","square","yellow sparkle (tiny)","16-bit SNES-era pixel art, cozy farm game, matching the existing sprites (dark plum #2B1B3D outlines, bright cheerful colors, crisp pixels, no anti-aliasing, no text): yellow sparkle (tiny). Single sprite centered on a solid magenta #FF00FF background, square framing."
"3","fx_dust.png","square","dust puff (tiny)","16-bit SNES-era pixel art, cozy farm game, matching the existing sprites (dark plum #2B1B3D outlines, bright cheerful colors, crisp pixels, no anti-aliasing, no text): dust puff (tiny). Single sprite centered on a solid magenta #FF00FF background, square framing."
"3","fx_heart.png","square","small heart (tiny)","16-bit SNES-era pixel art, cozy farm game, matching the existing sprites (dark plum #2B1B3D outlines, bright cheerful colors, crisp pixels, no anti-aliasing, no text): small heart (tiny). Single sprite centered on a solid magenta #FF00FF background, square framing."
"3","fx_water_drop.png","square","water drop (tiny)","16-bit SNES-era pixel art, cozy farm game, matching the existing sprites (dark plum #2B1B3D outlines, bright cheerful colors, crisp pixels, no anti-aliasing, no text): water drop (tiny). Single sprite centered on a solid magenta #FF00FF background, square framing."
"3","mg_pail.png","wide 1.25:1","metal milk pail","16-bit SNES-era pixel art, cozy farm game, matching the existing sprites (dark plum #2B1B3D outlines, bright cheerful colors, crisp pixels, no anti-aliasing, no text): metal milk pail. Single sprite centered on a solid magenta #FF00FF background, wide 1.25:1 framing."
"3","mg_note.png","square","round purple rhythm note","16-bit SNES-era pixel art, cozy farm game, matching the existing sprites (dark plum #2B1B3D outlines, bright cheerful colors, crisp pixels, no anti-aliasing, no text): round purple rhythm note. Single sprite centered on a solid magenta #FF00FF background, square framing."
"3","mg_note_gold.png","square","golden rhythm note","16-bit SNES-era pixel art, cozy farm game, matching the existing sprites (dark plum #2B1B3D outlines, bright cheerful colors, crisp pixels, no anti-aliasing, no text): golden rhythm note. Single sprite centered on a solid magenta #FF00FF background, square framing."
"3","mg_basket.png","wide 1.5:1","woven egg basket","16-bit SNES-era pixel art, cozy farm game, matching the existing sprites (dark plum #2B1B3D outlines, bright cheerful colors, crisp pixels, no anti-aliasing, no text): woven egg basket. Single sprite centered on a solid magenta #FF00FF background, wide 1.5:1 framing."
"3","mg_egg.png","tall 1:1.25","white egg","16-bit SNES-era pixel art, cozy farm game, matching the existing sprites (dark plum #2B1B3D outlines, bright cheerful colors, crisp pixels, no anti-aliasing, no text): white egg. Single sprite centered on a solid magenta #FF00FF background, tall 1:1.25 framing."
"3","mg_egg_gold.png","tall 1:1.25","golden egg","16-bit SNES-era pixel art, cozy farm game, matching the existing sprites (dark plum #2B1B3D outlines, bright cheerful colors, crisp pixels, no anti-aliasing, no text): golden egg. Single sprite centered on a solid magenta #FF00FF background, tall 1:1.25 framing."
"3","mg_boot.png","square","old muddy boot","16-bit SNES-era pixel art, cozy farm game, matching the existing sprites (dark plum #2B1B3D outlines, bright cheerful colors, crisp pixels, no anti-aliasing, no text): old muddy boot. Single sprite centered on a solid magenta #FF00FF background, square framing."
"3","mg_feather.png","square","white feather","16-bit SNES-era pixel art, cozy farm game, matching the existing sprites (dark plum #2B1B3D outlines, bright cheerful colors, crisp pixels, no anti-aliasing, no text): white feather. Single sprite centered on a solid magenta #FF00FF background, square framing."
"3","mg_weed.png","square","small weed","16-bit SNES-era pixel art, cozy farm game, matching the existing sprites (dark plum #2B1B3D outlines, bright cheerful colors, crisp pixels, no anti-aliasing, no text): small weed. Single sprite centered on a solid magenta #FF00FF background, square framing."
"3","mg_weed_big.png","square","big overgrown weed","16-bit SNES-era pixel art, cozy farm game, matching the existing sprites (dark plum #2B1B3D outlines, bright cheerful colors, crisp pixels, no anti-aliasing, no text): big overgrown weed. Single sprite centered on a solid magenta #FF00FF background, square framing."
"3","mg_sprout.png","square","garden sprout with a small orange bud","16-bit SNES-era pixel art, cozy farm game, matching the existing sprites (dark plum #2B1B3D outlines, bright cheerful colors, crisp pixels, no anti-aliasing, no text): garden sprout with a small orange bud. Single sprite centered on a solid magenta #FF00FF background, square framing."
"3","mg_bg_barn.png","tall 1:1.78","mini game background: inside a cozy barn (portrait, middle kept clear)","16-bit SNES-era pixel art, cozy farm game, matching the existing sprites (dark plum #2B1B3D outlines, bright cheerful colors, crisp pixels, no anti-aliasing, no text): mini game background: inside a cozy barn (portrait, middle kept clear), tall portrait scene, soft and simple so game pieces stand out. Single sprite centered on a solid magenta #FF00FF background, tall 1:1.78 framing."
"3","mg_bg_coop.png","tall 1:1.78","mini game background: outside the coop, sunny sky (portrait)","16-bit SNES-era pixel art, cozy farm game, matching the existing sprites (dark plum #2B1B3D outlines, bright cheerful colors, crisp pixels, no anti-aliasing, no text): mini game background: outside the coop, sunny sky (portrait), tall portrait scene, soft and simple so game pieces stand out. Single sprite centered on a solid magenta #FF00FF background, tall 1:1.78 framing."
"3","mg_bg_field.png","tall 1:1.78","mini game background: garden bed from above (portrait)","16-bit SNES-era pixel art, cozy farm game, matching the existing sprites (dark plum #2B1B3D outlines, bright cheerful colors, crisp pixels, no anti-aliasing, no text): mini game background: garden bed from above (portrait), tall portrait scene, soft and simple so game pieces stand out. Single sprite centered on a solid magenta #FF00FF background, tall 1:1.78 framing."
